{
"type": "FeatureCollection",
"name": "V30558_interim_burn_severity_2025",
"crs": { "type": "name", "properties": { "name": "urn:ogc:def:crs:OGC:1.3:CRS84" } },
"features": [
{ "type": "Feature", "properties": { "FIRE_NUMBER": "V30558", "FIRE_YEAR": 2025, "PRE_FIRE_IMAGE": "S2B_10UDA_20250608_0_L2A", "PRE_FIRE_IMAGE_DATE": "2025-06-08", "POST_FIRE_IMAGE": "S2A_10UDA_20250615_0_L2A", "POST_FIRE_IMAGE_DATE": "2025-06-15", "COMMENTS": "", "FIRE_STATUS": "", "BURN_SEVERITY_RATING": "Low", "AREA_HA": 0.69683938520298772, "FEATURE_AREA_SQM": 6968.3938520298771, "FEATURE_LENGTH_M": 550.30495261700264 }, "geometry": { "type": "Polygon", "coordinates": [ [ [ -123.134267090439067, 49.761748484960258 ], [ -123.134267338465065, 49.761838299443099 ], [ -123.134128465858936, 49.761838460286299 ], [ -123.134128714416207, 49.761928559893619 ], [ -123.133989841551511, 49.761928720570857 ], [ -123.133989593251584, 49.76183862096304 ], [ -123.133850720642982, 49.761838781473379 ], [ -123.133851463989487, 49.762108795168693 ], [ -123.133573928279844, 49.762109115449732 ], [ -123.133574422561765, 49.762289029533157 ], [ -123.133157800865675, 49.762289509075124 ], [ -123.133157061366731, 49.762019495380621 ], [ -123.13357368074908, 49.762019015843244 ], [ -123.133573186474635, 49.761839101751349 ], [ -123.133434313862296, 49.76183926176261 ], [ -123.133433820106703, 49.76165934766405 ], [ -123.133156075906058, 49.76165966718515 ], [ -123.133155337213992, 49.761389938586483 ], [ -123.133016465882221, 49.761390098095859 ], [ -123.133016220170816, 49.761300283601479 ], [ -123.133571704464416, 49.761299644567323 ], [ -123.13357145694485, 49.761209544948166 ], [ -123.133432586130667, 49.76120970495586 ], [ -123.133432152527064, 49.761051703484085 ], [ -123.133523264831595, 49.761029685808481 ], [ -123.133570962692772, 49.76102963083099 ], [ -123.133570947777457, 49.761024201425023 ], [ -123.133715905326099, 49.76102093268743 ], [ -123.133720697489792, 49.761021689474234 ], [ -123.133848544500069, 49.761048294210717 ], [ -123.133848987519656, 49.761209224677266 ], [ -123.134097526435866, 49.761208937309554 ], [ -123.134159999422138, 49.761319999331448 ], [ -123.134189999900826, 49.761420000710565 ], [ -123.134230000453684, 49.761519999972037 ], [ -123.134310000570764, 49.761740000784243 ], [ -123.134310444406566, 49.76174843471442 ], [ -123.134267090439067, 49.761748484960258 ] ] ] } },
{ "type": "Feature", "properties": { "FIRE_NUMBER": "V30558", "FIRE_YEAR": 2025, "PRE_FIRE_IMAGE": "S2B_10UDA_20250608_0_L2A", "PRE_FIRE_IMAGE_DATE": "2025-06-08", "POST_FIRE_IMAGE": "S2A_10UDA_20250615_0_L2A", "POST_FIRE_IMAGE_DATE": "2025-06-15", "COMMENTS": "", "FIRE_STATUS": "", "BURN_SEVERITY_RATING": "Medium", "AREA_HA": 0.2002391935971852, "FEATURE_AREA_SQM": 2002.391935971852, "FEATURE_LENGTH_M": 280.11359735708555 }, "geometry": { "type": "Polygon", "coordinates": [ [ [ -123.133161002626665, 49.763458522812378 ], [ -123.133438757103647, 49.763458203271064 ], [ -123.133439004396962, 49.763548302855583 ], [ -123.133300126901716, 49.763548462709963 ], [ -123.133300373157127, 49.763638277168297 ], [ -123.133161495404067, 49.763638436856745 ], [ -123.133162480973738, 49.763998264928567 ], [ -123.13288472340821, 49.763998583810128 ], [ -123.132884969679452, 49.764088683388174 ], [ -123.132607422656591, 49.764089001363381 ], [ -123.132607176899711, 49.763998901784269 ], [ -123.132745844623585, 49.763998743001196 ], [ -123.13274461690834, 49.763549100462974 ], [ -123.132883494408517, 49.763548941274387 ], [ -123.132883739894268, 49.76363875573422 ], [ -123.133022617649786, 49.763638596378712 ], [ -123.133022125386304, 49.763458682333365 ], [ -123.133161002626665, 49.763458522812378 ] ] ] } },
{ "type": "Feature", "properties": { "FIRE_NUMBER": "V30558", "FIRE_YEAR": 2025, "PRE_FIRE_IMAGE": "S2B_10UDA_20250608_0_L2A", "PRE_FIRE_IMAGE_DATE": "2025-06-08", "POST_FIRE_IMAGE": "S2A_10UDA_20250615_0_L2A", "POST_FIRE_IMAGE_DATE": "2025-06-15", "COMMENTS": "", "FIRE_STATUS": "", "BURN_SEVERITY_RATING": "Low", "AREA_HA": 1.5843002254633918, "FEATURE_AREA_SQM": 15843.002254633919, "FEATURE_LENGTH_M": 1534.7276888390943 }, "geometry": { "type": "Polygon", "coordinates": [ [ [ -123.133994799168164, 49.763727576052979 ], [ -123.133994550843283, 49.76363747647332 ], [ -123.133855673096463, 49.763637636993835 ], [ -123.133855921163985, 49.763727736573948 ], [ -123.133717254219334, 49.763727896684912 ], [ -123.133717749059898, 49.763907810716773 ], [ -123.133856416517716, 49.7639076506048 ], [ -123.133856168447707, 49.763817551027465 ], [ -123.133995046708478, 49.763817390505992 ], [ -123.133995542578631, 49.763997304533021 ], [ -123.133856663803925, 49.763997465055517 ], [ -123.133857159165146, 49.764177379077921 ], [ -123.13357961164688, 49.764177699382245 ], [ -123.133579364870897, 49.764087884933339 ], [ -123.133718243905463, 49.764087724743021 ], [ -123.133717996089942, 49.763997625167953 ], [ -123.133579117312777, 49.763997785357809 ], [ -123.133578622983649, 49.763817871327703 ], [ -123.133300866453425, 49.763818191206013 ], [ -123.133301113494298, 49.763908290785388 ], [ -123.133439992017401, 49.763908130928982 ], [ -123.133440732354515, 49.764177859406679 ], [ -123.1333018530609, 49.764178019264584 ], [ -123.133302346372076, 49.76435793328546 ], [ -123.133163466563261, 49.764358092977929 ], [ -123.133163959365447, 49.764538006994179 ], [ -123.133858149902508, 49.764537207105924 ], [ -123.133858397197429, 49.764627021546829 ], [ -123.133997277770547, 49.764626861020723 ], [ -123.133997526109169, 49.76471696058492 ], [ -123.13385864527865, 49.764717121111495 ], [ -123.133859140659794, 49.764897035111424 ], [ -123.133164944984699, 49.764897835009833 ], [ -123.133165191002107, 49.764987649447576 ], [ -123.132887427783885, 49.764987968340222 ], [ -123.132887182279646, 49.764898153901385 ], [ -123.133026063632784, 49.764897994538835 ], [ -123.13302532479733, 49.76462798096513 ], [ -123.132608894112934, 49.764628458307378 ], [ -123.132608649126382, 49.76453864386194 ], [ -123.132469768797435, 49.764538802723393 ], [ -123.132469523291775, 49.764448703150833 ], [ -123.132330643218964, 49.764448861845345 ], [ -123.132330398748024, 49.764359047396084 ], [ -123.132052639111876, 49.764359364284701 ], [ -123.132051906471304, 49.764089635800289 ], [ -123.132190785519484, 49.764089477440763 ], [ -123.1321912747174, 49.76426939147246 ], [ -123.132607913396356, 49.76426891539208 ], [ -123.132607667637004, 49.764178815815761 ], [ -123.132468788335956, 49.764178974675218 ], [ -123.13246805339125, 49.763909246186934 ], [ -123.132329174859464, 49.763909404878426 ], [ -123.132329419324307, 49.763999219334586 ], [ -123.131773904158678, 49.763999852437919 ], [ -123.131773660720128, 49.763910037979699 ], [ -123.131912539256788, 49.763909879954049 ], [ -123.131911562941283, 49.763550051858537 ], [ -123.132050440448879, 49.763549893668454 ], [ -123.13205019572888, 49.763459794078905 ], [ -123.13218907297788, 49.763459635722882 ], [ -123.132188095406491, 49.763100092728543 ], [ -123.132326971627208, 49.76309993420805 ], [ -123.132327216080967, 49.763189748676893 ], [ -123.132604969031846, 49.763189431135544 ], [ -123.132605214777612, 49.763279530727303 ], [ -123.133021633907887, 49.7632790534077 ], [ -123.133022125386304, 49.763458682333365 ], [ -123.133022617649786, 49.763638596378712 ], [ -123.132883739894268, 49.76363875573422 ], [ -123.132883494408517, 49.763548941274387 ], [ -123.13274461690834, 49.763549100462974 ], [ -123.132745844623585, 49.763998743001196 ], [ -123.132607176899711, 49.763998901784269 ], [ -123.132607422656591, 49.764089001363381 ], [ -123.132884969679452, 49.764088683388174 ], [ -123.13288472340821, 49.763998583810128 ], [ -123.133162480973738, 49.763998264928567 ], [ -123.133161495404067, 49.763638436856745 ], [ -123.133300373157127, 49.763638277168297 ], [ -123.133300126901716, 49.763548462709963 ], [ -123.133439004396962, 49.763548302855583 ], [ -123.133438757103647, 49.763458203271064 ], [ -123.133161002626665, 49.763458522812378 ], [ -123.133160756630303, 49.763368708350725 ], [ -123.133577387574249, 49.763368228790611 ], [ -123.133577140809464, 49.763278414329079 ], [ -123.133716017531739, 49.763278254143252 ], [ -123.13371651157567, 49.76345788306395 ], [ -123.133994054983106, 49.763457562435065 ], [ -123.133994303305499, 49.763547662017523 ], [ -123.134049988872903, 49.763547597608444 ], [ -123.134060087620895, 49.763576405061464 ], [ -123.134117244990918, 49.76370522209578 ], [ -123.134125823067478, 49.763727424462544 ], [ -123.133994799168164, 49.763727576052979 ] ] ] } },
{ "type": "Feature", "properties": { "FIRE_NUMBER": "V30558", "FIRE_YEAR": 2025, "PRE_FIRE_IMAGE": "S2B_10UDA_20250608_0_L2A", "PRE_FIRE_IMAGE_DATE": "2025-06-08", "POST_FIRE_IMAGE": "S2A_10UDA_20250615_0_L2A", "POST_FIRE_IMAGE_DATE": "2025-06-15", "COMMENTS": "", "FIRE_STATUS": "", "BURN_SEVERITY_RATING": "Low", "AREA_HA": 0.039828702783069249, "FEATURE_AREA_SQM": 398.28702783069247, "FEATURE_LENGTH_M": 92.598717246751335 }, "geometry": { "type": "Polygon", "coordinates": [ [ [ -123.131220056846018, 49.764540224746568 ], [ -123.130863134463141, 49.764540628412675 ], [ -123.130903066713955, 49.764489762727969 ], [ -123.13096584576715, 49.764442438635953 ], [ -123.131017978593221, 49.764406943435446 ], [ -123.131094147844095, 49.764364391442314 ], [ -123.131204333961804, 49.764308574240147 ], [ -123.131219373015114, 49.764286870320994 ], [ -123.131220056846018, 49.764540224746568 ] ] ] } },
{ "type": "Feature", "properties": { "FIRE_NUMBER": "V30558", "FIRE_YEAR": 2025, "PRE_FIRE_IMAGE": "S2B_10UDA_20250608_0_L2A", "PRE_FIRE_IMAGE_DATE": "2025-06-08", "POST_FIRE_IMAGE": "S2A_10UDA_20250615_0_L2A", "POST_FIRE_IMAGE_DATE": "2025-06-15", "COMMENTS": "", "FIRE_STATUS": "", "BURN_SEVERITY_RATING": "Low", "AREA_HA": 0.22022978404358293, "FEATURE_AREA_SQM": 2202.2978404358291, "FEATURE_LENGTH_M": 300.17418213874538 }, "geometry": { "type": "Polygon", "coordinates": [ [ [ -123.131916200228048, 49.765259092549506 ], [ -123.131915712031017, 49.765079178546685 ], [ -123.131637948275824, 49.765079494444478 ], [ -123.131637461111637, 49.764899580434061 ], [ -123.131776342475874, 49.764899422569393 ], [ -123.131776098252217, 49.764809322999923 ], [ -123.132192741565405, 49.764808848408663 ], [ -123.132192252352709, 49.764628934393791 ], [ -123.132331132940678, 49.764628775864786 ], [ -123.132331378191438, 49.76471887543503 ], [ -123.132747809655029, 49.764718399089546 ], [ -123.132748054900247, 49.764808213531623 ], [ -123.132470503768033, 49.764808531182183 ], [ -123.132470994013559, 49.764988445189417 ], [ -123.132193230782974, 49.764988762417921 ], [ -123.132193475781278, 49.765078861983028 ], [ -123.132054593906759, 49.765079020348075 ], [ -123.132055082617768, 49.765258934349916 ], [ -123.131916200228048, 49.765259092549506 ] ] ] } },
{ "type": "Feature", "properties": { "FIRE_NUMBER": "V30558", "FIRE_YEAR": 2025, "PRE_FIRE_IMAGE": "S2B_10UDA_20250608_0_L2A", "PRE_FIRE_IMAGE_DATE": "2025-06-08", "POST_FIRE_IMAGE": "S2A_10UDA_20250615_0_L2A", "POST_FIRE_IMAGE_DATE": "2025-06-15", "COMMENTS": "", "FIRE_STATUS": "", "BURN_SEVERITY_RATING": "Unburned", "AREA_HA": 0.16013379802168279, "FEATURE_AREA_SQM": 1601.3379802168279, "FEATURE_LENGTH_M": 180.09565120533088 }, "geometry": { "type": "Polygon", "coordinates": [ [ [ -123.132617727672411, 49.767866624535714 ], [ -123.132617481863619, 49.767776525015748 ], [ -123.132478592284272, 49.767776683895271 ], [ -123.132477857191702, 49.767506955575513 ], [ -123.13261674600038, 49.767506796697475 ], [ -123.132616500196534, 49.767416697171889 ], [ -123.132894066218554, 49.767416379159478 ], [ -123.132894558076913, 49.767596293082178 ], [ -123.133033447138516, 49.767596133704494 ], [ -123.133034186096552, 49.767866147139095 ], [ -123.132617727672411, 49.767866624535714 ] ] ] } },
{ "type": "Feature", "properties": { "FIRE_NUMBER": "V30558", "FIRE_YEAR": 2025, "PRE_FIRE_IMAGE": "S2B_10UDA_20250608_0_L2A", "PRE_FIRE_IMAGE_DATE": "2025-06-08", "POST_FIRE_IMAGE": "S2A_10UDA_20250615_0_L2A", "POST_FIRE_IMAGE_DATE": "2025-06-15", "COMMENTS": "", "FIRE_STATUS": "", "BURN_SEVERITY_RATING": "Medium", "AREA_HA": 0.1300363494589466, "FEATURE_AREA_SQM": 1300.363494589466, "FEATURE_LENGTH_M": 200.03886743777736 }, "geometry": { "type": "Polygon", "coordinates": [ [ [ -123.132619445256992, 49.768496180636099 ], [ -123.132618709364166, 49.768226452351506 ], [ -123.132757389147486, 49.768226293544842 ], [ -123.132757143076702, 49.768136194030987 ], [ -123.132618463550415, 49.768136352837139 ], [ -123.132618218515802, 49.768046538446434 ], [ -123.132756897785868, 49.768046379640751 ], [ -123.132756651717543, 49.767956280124096 ], [ -123.133034431898196, 49.767955961531094 ], [ -123.133035416677671, 49.768315789335261 ], [ -123.132896525559843, 49.768315948716989 ], [ -123.132896771111035, 49.768405763102479 ], [ -123.132757879735351, 49.768405922318266 ], [ -123.132758125809829, 49.768496021827865 ], [ -123.132619445256992, 49.768496180636099 ] ] ] } },
{ "type": "Feature", "properties": { "FIRE_NUMBER": "V30558", "FIRE_YEAR": 2025, "PRE_FIRE_IMAGE": "S2B_10UDA_20250608_0_L2A", "PRE_FIRE_IMAGE_DATE": "2025-06-08", "POST_FIRE_IMAGE": "S2A_10UDA_20250615_0_L2A", "POST_FIRE_IMAGE_DATE": "2025-06-15", "COMMENTS": "", "FIRE_STATUS": "", "BURN_SEVERITY_RATING": "Medium", "AREA_HA": 0.13016061552683558, "FEATURE_AREA_SQM": 1301.6061552683559, "FEATURE_LENGTH_M": 180.10605418349473 }, "geometry": { "type": "Polygon", "coordinates": [ [ [ -123.134556036410359, 49.765795515573771 ], [ -123.134556534391351, 49.76597542953494 ], [ -123.134695418812655, 49.765975268168923 ], [ -123.134695668457042, 49.766065367709402 ], [ -123.134417899098395, 49.766065690275973 ], [ -123.13441814744084, 49.766155504690985 ], [ -123.134001492623696, 49.766155987293864 ], [ -123.134001245051039, 49.766066172877366 ], [ -123.134140129734732, 49.766066012176708 ], [ -123.134139384680964, 49.765795998669944 ], [ -123.134556036410359, 49.765795515573771 ] ] ] } },
{ "type": "Feature", "properties": { "FIRE_NUMBER": "V30558", "FIRE_YEAR": 2025, "PRE_FIRE_IMAGE": "S2B_10UDA_20250608_0_L2A", "PRE_FIRE_IMAGE_DATE": "2025-06-08", "POST_FIRE_IMAGE": "S2A_10UDA_20250615_0_L2A", "POST_FIRE_IMAGE_DATE": "2025-06-15", "COMMENTS": "", "FIRE_STATUS": "", "BURN_SEVERITY_RATING": "Medium", "AREA_HA": 0.28025086205012678, "FEATURE_AREA_SQM": 2802.5086205012681, "FEATURE_LENGTH_M": 320.170716188798 }, "geometry": { "type": "Polygon", "coordinates": [ [ [ -123.13554180591602, 49.770741301644193 ], [ -123.135541304204125, 49.770561387839109 ], [ -123.135263509162243, 49.770561712454175 ], [ -123.135263759900155, 49.770651811920864 ], [ -123.135402657679208, 49.770651649696113 ], [ -123.135402907881584, 49.770741464036007 ], [ -123.134847526822455, 49.770742111692513 ], [ -123.13484727764633, 49.770652297350615 ], [ -123.134569482076927, 49.770652620302265 ], [ -123.134568734517273, 49.770382607015094 ], [ -123.135679699502234, 49.7703813114722 ], [ -123.135679951010033, 49.770471410940154 ], [ -123.135818848271157, 49.770471248216914 ], [ -123.135819099240976, 49.77056106255808 ], [ -123.13568020172319, 49.770561225281845 ], [ -123.135680703949205, 49.770741139085864 ], [ -123.13554180591602, 49.770741301644193 ] ] ] } },
{ "type": "Feature", "properties": { "FIRE_NUMBER": "V30558", "FIRE_YEAR": 2025, "PRE_FIRE_IMAGE": "S2B_10UDA_20250608_0_L2A", "PRE_FIRE_IMAGE_DATE": "2025-06-08", "POST_FIRE_IMAGE": "S2A_10UDA_20250615_0_L2A", "POST_FIRE_IMAGE_DATE": "2025-06-15", "COMMENTS": "", "FIRE_STATUS": "", "BURN_SEVERITY_RATING": "Low", "AREA_HA": 0.14015717816107195, "FEATURE_AREA_SQM": 1401.5717816107197, "FEATURE_LENGTH_M": 240.08295465696992 }, "geometry": { "type": "Polygon", "coordinates": [ [ [ -123.135402907881584, 49.770741464036007 ], [ -123.135402657679208, 49.770651649696113 ], [ -123.135263759900155, 49.770651811920864 ], [ -123.135263509162243, 49.770561712454175 ], [ -123.135541304204125, 49.770561387839109 ], [ -123.13554180591602, 49.770741301644193 ], [ -123.135680703949205, 49.770741139085864 ], [ -123.135681206180266, 49.77092105288429 ], [ -123.135264510534526, 49.770921540062787 ], [ -123.135264260586311, 49.770831725725195 ], [ -123.135125362291873, 49.770831887784489 ], [ -123.135125611983412, 49.770921702122607 ], [ -123.134848025969461, 49.770922025497072 ], [ -123.134847526822455, 49.770742111692513 ], [ -123.135402907881584, 49.770741464036007 ] ] ] } },
{ "type": "Feature", "properties": { "FIRE_NUMBER": "V30558", "FIRE_YEAR": 2025, "PRE_FIRE_IMAGE": "S2B_10UDA_20250608_0_L2A", "PRE_FIRE_IMAGE_DATE": "2025-06-08", "POST_FIRE_IMAGE": "S2A_10UDA_20250615_0_L2A", "POST_FIRE_IMAGE_DATE": "2025-06-15", "COMMENTS": "", "FIRE_STATUS": "", "BURN_SEVERITY_RATING": "Unburned", "AREA_HA": 5.9341898104075428, "FEATURE_AREA_SQM": 59341.89810407543, "FEATURE_LENGTH_M": 2579.4937293412299 }, "geometry": { "type": "Polygon", "coordinates": [ [ [ -123.134733812455508, 49.779826630350271 ], [ -123.13445596443691, 49.779826953073012 ], [ -123.134456213759492, 49.779917052397849 ], [ -123.134317289490724, 49.77991721350989 ], [ -123.134317537768766, 49.780007027709438 ], [ -123.13403968871387, 49.780007349434847 ], [ -123.134039440949394, 49.77991753523434 ], [ -123.13390051667686, 49.779917695846706 ], [ -123.133901011693453, 49.780097324247436 ], [ -123.133762298037993, 49.780097484450593 ], [ -123.133762546076696, 49.780187583773731 ], [ -123.133345770934284, 49.780188064117262 ], [ -123.133345523668424, 49.78009796479256 ], [ -123.133206598876058, 49.780098124573463 ], [ -123.133206845884317, 49.780188223898655 ], [ -123.133067920833142, 49.780188383513511 ], [ -123.133068166804165, 49.780278197713372 ], [ -123.133207092112158, 49.780278038098025 ], [ -123.133207339122919, 49.780368137420425 ], [ -123.133624115812268, 49.780367657573514 ], [ -123.133623868028693, 49.780277558252635 ], [ -123.133762793331698, 49.780277397971055 ], [ -123.133763017056651, 49.780358664583865 ], [ -123.133429230775121, 49.780385698853088 ], [ -123.132908238063365, 49.780397302052855 ], [ -123.132244886385692, 49.780345817675538 ], [ -123.13212999934845, 49.780330000148901 ], [ -123.132104564358073, 49.78030456539571 ], [ -123.132030554187367, 49.780230554392539 ], [ -123.132009998591712, 49.780210000042608 ], [ -123.131760000676962, 49.779869999817656 ], [ -123.131719999872146, 49.779810000067862 ], [ -123.13169999961292, 49.779729999837151 ], [ -123.131659998790326, 49.779649999904336 ], [ -123.131642790881358, 49.779512322681889 ], [ -123.131640000584511, 49.779490000004373 ], [ -123.131631115718847, 49.779472229942137 ], [ -123.131611199529175, 49.77941659998227 ], [ -123.13157098748691, 49.779357876256412 ], [ -123.131529999977246, 49.779279999638234 ], [ -123.131503418914207, 49.779240126474619 ], [ -123.131497704647586, 49.779229499718895 ], [ -123.131456894624449, 49.779116755917244 ], [ -123.131405264562162, 49.779011511548156 ], [ -123.131359871040303, 49.778911991510725 ], [ -123.131332091878818, 49.778808111639954 ], [ -123.131339172069389, 49.778710754822811 ], [ -123.131336647614944, 49.778616302190542 ], [ -123.131361365799322, 49.778515356619195 ], [ -123.131383969639771, 49.778440937792723 ], [ -123.131443990097267, 49.778346820300648 ], [ -123.131485034706614, 49.778255579533926 ], [ -123.13150914954285, 49.778146085494015 ], [ -123.131580706627886, 49.778046569977739 ], [ -123.131604526359268, 49.777930908144086 ], [ -123.131642397840366, 49.777803161276275 ], [ -123.131651243076021, 49.77776158863206 ], [ -123.131672300682922, 49.777761564705528 ], [ -123.131673031570415, 49.778031292554147 ], [ -123.131950869352892, 49.778030976512447 ], [ -123.131951601793645, 49.778300704345398 ], [ -123.131951846459216, 49.778390803703296 ], [ -123.131812926539894, 49.778390961809414 ], [ -123.131674006619349, 49.778391119748996 ], [ -123.131675225071774, 49.778840761148679 ], [ -123.131814146277804, 49.778840603206639 ], [ -123.131814390693151, 49.778930702556551 ], [ -123.132370076535381, 49.778930069120769 ], [ -123.132370321205599, 49.779019883342819 ], [ -123.132509242919852, 49.779019724567 ], [ -123.132508997992858, 49.778929910345468 ], [ -123.132647919449113, 49.778929751403602 ], [ -123.132648164632883, 49.779019565624651 ], [ -123.132786875217434, 49.779019406757683 ], [ -123.132787120658818, 49.779109220976792 ], [ -123.133342808520723, 49.779108582874727 ], [ -123.133342562052206, 49.779018768657629 ], [ -123.133203640345371, 49.77901892843245 ], [ -123.133203394134895, 49.778929114213447 ], [ -123.133064472683586, 49.778929273821241 ], [ -123.133063733268287, 49.778659260905286 ], [ -123.133202653947606, 49.778659101299013 ], [ -123.133202407742061, 49.778569287074383 ], [ -123.133063487319504, 49.77856944668018 ], [ -123.133063240591198, 49.778479347329117 ], [ -123.132924320424962, 49.778479506767823 ], [ -123.132924074735456, 49.778389692539406 ], [ -123.132785154824759, 49.77838985181107 ], [ -123.132784908614113, 49.778299752456221 ], [ -123.132646200083869, 49.778299911319174 ], [ -123.132645954909947, 49.778210097086912 ], [ -123.132507035511139, 49.778210256024771 ], [ -123.132506299989629, 49.777940528193611 ], [ -123.133061763370463, 49.77793989169151 ], [ -123.13306250197526, 49.778209619516645 ], [ -123.133201421369108, 49.778209459912887 ], [ -123.133201174388191, 49.778119360556694 ], [ -123.133340093523216, 49.778119200786946 ], [ -123.133339847068342, 49.778029386554422 ], [ -123.133478765945384, 49.778029226618607 ], [ -123.133478519234984, 49.777939412385194 ], [ -123.133339600614718, 49.777939572320527 ], [ -123.133339106928773, 49.777759658723916 ], [ -123.133061270713213, 49.777759978092867 ], [ -123.133061023996049, 49.777669878729171 ], [ -123.133199941846897, 49.77766971912844 ], [ -123.133199448682731, 49.777489805522386 ], [ -123.133616200684799, 49.777489325724041 ], [ -123.133615705982649, 49.777309412115429 ], [ -123.134171162124218, 49.777308770301318 ], [ -123.13417165888292, 49.777488683905879 ], [ -123.134032741555117, 49.77748884467109 ], [ -123.134032493825529, 49.777399030431283 ], [ -123.133893576753238, 49.777399191029467 ], [ -123.133893824226064, 49.777489005269736 ], [ -123.133755118016353, 49.777489165458213 ], [ -123.13375536601886, 49.777579264822222 ], [ -123.134171907657773, 49.77757878326836 ], [ -123.13417215564661, 49.777668597504864 ], [ -123.133894319961101, 49.777668918870766 ], [ -123.133894815701112, 49.777848832466127 ], [ -123.134172652415288, 49.777848511098185 ], [ -123.134172901195143, 49.777938610455031 ], [ -123.134311819807934, 49.777938449520732 ], [ -123.134311570770507, 49.777848350164412 ], [ -123.134450489124461, 49.777848189064066 ], [ -123.134449991327102, 49.777668275472784 ], [ -123.134588909165473, 49.777668114206897 ], [ -123.134588410858811, 49.777488200611025 ], [ -123.134727328181611, 49.777488039179715 ], [ -123.134727577986752, 49.777578138540086 ], [ -123.134866495565845, 49.777577976941672 ], [ -123.134866245503133, 49.77748787758177 ], [ -123.135143869021888, 49.777487554132591 ], [ -123.135143619238661, 49.777397739896898 ], [ -123.135282536299684, 49.777397577800144 ], [ -123.135282035429668, 49.777217664200933 ], [ -123.134865496905206, 49.777218149742751 ], [ -123.134864997582426, 49.777038236134885 ], [ -123.13514261853237, 49.777037912690815 ], [ -123.135142368755396, 49.776948098448067 ], [ -123.135281284531018, 49.776947936353892 ], [ -123.13528028282127, 49.776588109121789 ], [ -123.135419197567003, 49.776587946863096 ], [ -123.135419447852428, 49.776677761110385 ], [ -123.135697277853623, 49.776677436092463 ], [ -123.13569803185031, 49.776947449072132 ], [ -123.135715107944975, 49.776947429074475 ], [ -123.135668595788346, 49.777067910586091 ], [ -123.135606680857578, 49.777248629991213 ], [ -123.135594416194976, 49.777284422165344 ], [ -123.135531210330754, 49.777487101748584 ], [ -123.135421703656178, 49.777487229771538 ], [ -123.135422278982645, 49.777693672962421 ], [ -123.135385055458187, 49.777757286420155 ], [ -123.135283538054765, 49.777757404981728 ], [ -123.135283856106113, 49.777871646376028 ], [ -123.135213993162608, 49.777949937982079 ], [ -123.135205846635742, 49.777955346918887 ], [ -123.135097388209218, 49.778027350845626 ], [ -123.135006662387511, 49.778027456579011 ], [ -123.135006850252111, 49.778095073861735 ], [ -123.134985685765727, 49.778117295534187 ], [ -123.134867992803109, 49.778117432573438 ], [ -123.134868242874617, 49.778207531923485 ], [ -123.134926157738988, 49.778207464504355 ], [ -123.134879998757128, 49.778279999896057 ], [ -123.134879998903003, 49.778289999522421 ], [ -123.134850000037517, 49.778330000286324 ], [ -123.134790000356134, 49.778360000027128 ], [ -123.134770000595054, 49.778390000680766 ], [ -123.134769998627789, 49.778470000298455 ], [ -123.134739999663992, 49.778520000645202 ], [ -123.134709999840965, 49.778640000992901 ], [ -123.134699999320588, 49.778659999751675 ], [ -123.134759999221956, 49.778749999977848 ], [ -123.134799999520339, 49.778869999001763 ], [ -123.134819764808256, 49.778887293714099 ], [ -123.134870269108404, 49.778937555587589 ], [ -123.134870738910607, 49.7791068145997 ], [ -123.134731816960738, 49.779106976206769 ], [ -123.134732066788473, 49.779197075541894 ], [ -123.134870988995971, 49.779196913934264 ], [ -123.134871238291154, 49.779286728142957 ], [ -123.135010160754149, 49.779286566368327 ], [ -123.135009911202189, 49.779196752160082 ], [ -123.135073346754837, 49.779196678235564 ], [ -123.135089999528077, 49.779210000364074 ], [ -123.135090001149322, 49.779215842662019 ], [ -123.135090000351795, 49.779339999783637 ], [ -123.135020000096418, 49.779469999757474 ], [ -123.134979999834528, 49.779620000185659 ], [ -123.134910000780437, 49.77978999939576 ], [ -123.134734036172034, 49.77990730941719 ], [ -123.134733812455508, 49.779826630350271 ] ] ] } },
{ "type": "Feature", "properties": { "FIRE_NUMBER": "V30558", "FIRE_YEAR": 2025, "PRE_FIRE_IMAGE": "S2B_10UDA_20250608_0_L2A", "PRE_FIRE_IMAGE_DATE": "2025-06-08", "POST_FIRE_IMAGE": "S2A_10UDA_20250615_0_L2A", "POST_FIRE_IMAGE_DATE": "2025-06-15", "COMMENTS": "", "FIRE_STATUS": "", "BURN_SEVERITY_RATING": "Unburned", "AREA_HA": 4.9910821244219066e-06, "FEATURE_AREA_SQM": 0.049910821244219063, "FEATURE_LENGTH_M": 1.8172272794042308 }, "geometry": { "type": "Polygon", "coordinates": [ [ [ -123.13167205654112, 49.777671465336795 ], [ -123.131670417774757, 49.777671467198928 ], [ -123.131672035937896, 49.777663861785847 ], [ -123.13167205654112, 49.777671465336795 ] ] ] } },
{ "type": "Feature", "properties": { "FIRE_NUMBER": "V30558", "FIRE_YEAR": 2025, "PRE_FIRE_IMAGE": "S2B_10UDA_20250608_0_L2A", "PRE_FIRE_IMAGE_DATE": "2025-06-08", "POST_FIRE_IMAGE": "S2A_10UDA_20250615_0_L2A", "POST_FIRE_IMAGE_DATE": "2025-06-15", "COMMENTS": "", "FIRE_STATUS": "", "BURN_SEVERITY_RATING": "Unburned", "AREA_HA": 0.19443313155119954, "FEATURE_AREA_SQM": 1944.3313155119954, "FEATURE_LENGTH_M": 229.66950263730644 }, "geometry": { "type": "Polygon", "coordinates": [ [ [ -123.132226259307345, 49.777131091739037 ], [ -123.132087342990843, 49.777131250171244 ], [ -123.132087832031274, 49.777311163796604 ], [ -123.131948915199231, 49.777311322063262 ], [ -123.131949159851246, 49.777401421436657 ], [ -123.131810242760395, 49.777401579537262 ], [ -123.131810486382662, 49.777491393785127 ], [ -123.131695139408308, 49.77749152493513 ], [ -123.131683012981, 49.777372021773843 ], [ -123.131699533166554, 49.777272195441739 ], [ -123.131688562074913, 49.777183003940998 ], [ -123.131726959347333, 49.777078078243498 ], [ -123.131786878114696, 49.776965852185825 ], [ -123.131909790917021, 49.776888888843963 ], [ -123.132032598124269, 49.776811186344496 ], [ -123.132185245844582, 49.776738730789376 ], [ -123.132204926153392, 49.776718937798705 ], [ -123.132225082671738, 49.776698664854962 ], [ -123.132226259307345, 49.777131091739037 ] ] ] } },
{ "type": "Feature", "properties": { "FIRE_NUMBER": "V30558", "FIRE_YEAR": 2025, "PRE_FIRE_IMAGE": "S2B_10UDA_20250608_0_L2A", "PRE_FIRE_IMAGE_DATE": "2025-06-08", "POST_FIRE_IMAGE": "S2A_10UDA_20250615_0_L2A", "POST_FIRE_IMAGE_DATE": "2025-06-15", "COMMENTS": "", "FIRE_STATUS": "", "BURN_SEVERITY_RATING": "Unburned", "AREA_HA": 0.094510418981189767, "FEATURE_AREA_SQM": 945.10418981189764, "FEATURE_LENGTH_M": 152.73349745177333 }, "geometry": { "type": "Polygon", "coordinates": [ [ [ -123.132501149317264, 49.776051577647777 ], [ -123.132640062545079, 49.77605141872202 ], [ -123.132640307689385, 49.776141232987882 ], [ -123.132779010057973, 49.776141074137009 ], [ -123.132779501642048, 49.776320987788218 ], [ -123.132779747825467, 49.776411087174054 ], [ -123.132502130429813, 49.776411404954288 ], [ -123.132502375322318, 49.776501219215021 ], [ -123.132360638148285, 49.776501381206032 ], [ -123.132379004194888, 49.776466412744092 ], [ -123.132437505750829, 49.776275515357902 ], [ -123.13248257616803, 49.776093112791408 ], [ -123.132501131558627, 49.776045064520353 ], [ -123.132501149317264, 49.776051577647777 ] ] ] } },
{ "type": "Feature", "properties": { "FIRE_NUMBER": "V30558", "FIRE_YEAR": 2025, "PRE_FIRE_IMAGE": "S2B_10UDA_20250608_0_L2A", "PRE_FIRE_IMAGE_DATE": "2025-06-08", "POST_FIRE_IMAGE": "S2A_10UDA_20250615_0_L2A", "POST_FIRE_IMAGE_DATE": "2025-06-15", "COMMENTS": "", "FIRE_STATUS": "", "BURN_SEVERITY_RATING": "Unburned", "AREA_HA": 14.779208979940453, "FEATURE_AREA_SQM": 147792.08979940452, "FEATURE_LENGTH_M": 7052.6933462092056 }, "geometry": { "type": "Polygon", "coordinates": [ [ [ -123.137080634866919, 49.774697036385319 ], [ -123.136802816203542, 49.774697364710605 ], [ -123.136802563379035, 49.77460755043753 ], [ -123.13666365430214, 49.774607714349813 ], [ -123.136663400933841, 49.774517614950241 ], [ -123.136524492113196, 49.77451777869549 ], [ -123.136523734390451, 49.774248050735984 ], [ -123.13638482633948, 49.774248214313168 ], [ -123.136384321444595, 49.774068300623853 ], [ -123.136245625012293, 49.774068463785291 ], [ -123.136245120635905, 49.773888550089346 ], [ -123.136383816554769, 49.773888386928959 ], [ -123.136384069399114, 49.773978486339445 ], [ -123.136661883957871, 49.77397815902161 ], [ -123.136661378042135, 49.773798245325992 ], [ -123.136800284805389, 49.773798081418349 ], [ -123.136800031191029, 49.773707982006535 ], [ -123.136661124685304, 49.77370814591368 ], [ -123.136660112874168, 49.773348318499878 ], [ -123.136521207395603, 49.773348482238418 ], [ -123.136520702011879, 49.773168568522081 ], [ -123.136381797046255, 49.773168732093062 ], [ -123.136381292981923, 49.772989103494815 ], [ -123.136242599629384, 49.772989266650058 ], [ -123.136242347056125, 49.772899167223542 ], [ -123.136381040151534, 49.772899004068783 ], [ -123.136380535294748, 49.772719090337354 ], [ -123.136241842712721, 49.772719253491026 ], [ -123.136241590942547, 49.772629439185096 ], [ -123.136380283268281, 49.772629276031921 ], [ -123.136379778419055, 49.772449362292015 ], [ -123.136241086606759, 49.772449525444166 ], [ -123.136240582276045, 49.772269611697645 ], [ -123.136101679877996, 49.772269774930734 ], [ -123.136101427572399, 49.772179675492431 ], [ -123.1359625254306, 49.772179838558479 ], [ -123.135962274181381, 49.772090024243084 ], [ -123.135823372294993, 49.772090187142098 ], [ -123.135823623287521, 49.772180001457997 ], [ -123.135406916850712, 49.772180489157556 ], [ -123.13540641640698, 49.772000860521274 ], [ -123.13582312130373, 49.772000372824778 ], [ -123.135822869516929, 49.771910273381259 ], [ -123.135545066768685, 49.771910598677692 ], [ -123.135544314551126, 49.771640870585209 ], [ -123.135405413945932, 49.771641032982153 ], [ -123.135404912722976, 49.771461119204162 ], [ -123.135266012630709, 49.771461281433538 ], [ -123.135265761881442, 49.771371181979497 ], [ -123.134710373623648, 49.771371828984684 ], [ -123.134710124695431, 49.771282014652016 ], [ -123.134293425938438, 49.771282498340902 ], [ -123.13429317699368, 49.771192398880487 ], [ -123.134154277663001, 49.771192559776601 ], [ -123.134154029763948, 49.771102745439102 ], [ -123.134015130688681, 49.771102906168238 ], [ -123.134014883047541, 49.771013091828841 ], [ -123.133875984227686, 49.771013252390951 ], [ -123.133876231612149, 49.771103066730845 ], [ -123.13373754362722, 49.771103226883319 ], [ -123.133737790756669, 49.771193041222318 ], [ -123.13345999208407, 49.771193361516545 ], [ -123.133459498853099, 49.771013732835065 ], [ -123.133320600028256, 49.771013892731496 ], [ -123.13332133988871, 49.771283620877909 ], [ -123.133182440291833, 49.771283780609295 ], [ -123.13318219340654, 49.771193681144794 ], [ -123.133043294065885, 49.771193840709131 ], [ -123.133043540693706, 49.771283940174179 ], [ -123.13290464109437, 49.771284099572561 ], [ -123.132904886686291, 49.771373913911759 ], [ -123.13262729806452, 49.771374231968409 ], [ -123.132627052985555, 49.771284417628152 ], [ -123.132765741493742, 49.771284258804407 ], [ -123.132765004716546, 49.77101453065189 ], [ -123.13290390354635, 49.771014371421558 ], [ -123.132903657179725, 49.770924271951849 ], [ -123.132764758607422, 49.770924431181705 ], [ -123.132764267171638, 49.770744517361869 ], [ -123.132486682142883, 49.770744835078759 ], [ -123.132486927735016, 49.770834934552809 ], [ -123.132348029415652, 49.770835093282983 ], [ -123.13234827397514, 49.770924907631205 ], [ -123.132070476819436, 49.770925224592901 ], [ -123.132070721641597, 49.771015324065665 ], [ -123.132209620477525, 49.771015165667542 ], [ -123.132209864782823, 49.771104980013504 ], [ -123.131793167501286, 49.771105454709861 ], [ -123.131792923966003, 49.771015640362435 ], [ -123.131376438535895, 49.771016113319419 ], [ -123.131376681301575, 49.771105927668366 ], [ -123.131237782201609, 49.771106085068247 ], [ -123.131238024711848, 49.77119589941627 ], [ -123.131099125353998, 49.771196056650147 ], [ -123.131099368377875, 49.771286156122187 ], [ -123.130960468761302, 49.77128631319006 ], [ -123.13096119553127, 49.771556041349392 ], [ -123.131377896689742, 49.771555569641777 ], [ -123.131378140233451, 49.771645669107237 ], [ -123.131516829779486, 49.771645511777436 ], [ -123.131517072809984, 49.77173532611603 ], [ -123.131378383007714, 49.771735483446321 ], [ -123.131378626553882, 49.771825582908903 ], [ -123.131239725397293, 49.771825740312792 ], [ -123.13123996791731, 49.771915554649574 ], [ -123.130962165087112, 49.771915868958786 ], [ -123.130962407863251, 49.772005968420061 ], [ -123.131240211208436, 49.772005654109861 ], [ -123.131240696254537, 49.772185282776462 ], [ -123.130962891882632, 49.772185597088622 ], [ -123.130963134662466, 49.772275696545684 ], [ -123.131379841990949, 49.77227522482616 ], [ -123.131379598438642, 49.772185125370576 ], [ -123.131796093886109, 49.772184652394131 ], [ -123.131796338210521, 49.772274751848173 ], [ -123.131935240647223, 49.772274593776054 ], [ -123.13193426387501, 49.771914766203118 ], [ -123.132350968092737, 49.771914290993706 ], [ -123.132350478171517, 49.771734377201824 ], [ -123.132489379060786, 49.771734218466676 ], [ -123.132489869496197, 49.77191413225755 ], [ -123.132628770898407, 49.771913973354962 ], [ -123.132629016764056, 49.772004072810191 ], [ -123.132767707325769, 49.77200391398241 ], [ -123.132767461203017, 49.77191381452765 ], [ -123.132906362602768, 49.771913655292245 ], [ -123.132906117003429, 49.77182384096141 ], [ -123.133183919285841, 49.771823521992125 ], [ -123.133183672393088, 49.771733422536066 ], [ -123.133322573274967, 49.771733262802144 ], [ -123.13332306679456, 49.771913176587049 ], [ -123.133878461269902, 49.771912536226239 ], [ -123.133878213874226, 49.771822721898978 ], [ -123.1337395238358, 49.771822882055496 ], [ -123.133739275913101, 49.771732782601411 ], [ -123.133877965694424, 49.771732622445434 ], [ -123.133877718301235, 49.771642808115423 ], [ -123.134016618920214, 49.771642647549712 ], [ -123.134016122838034, 49.77146273376146 ], [ -123.134155022941613, 49.771462573030362 ], [ -123.134155270845653, 49.771552387362213 ], [ -123.13429417120463, 49.771552226464053 ], [ -123.134294917269884, 49.771822239699432 ], [ -123.134156016139244, 49.771822400599092 ], [ -123.134156264048272, 49.771912214925365 ], [ -123.134017362659719, 49.771912375659049 ], [ -123.134017611099523, 49.772002475109261 ], [ -123.134156512745562, 49.772002314375058 ], [ -123.134156760657078, 49.772092128698539 ], [ -123.134434564458815, 49.772091806729591 ], [ -123.134434316033932, 49.772001992407169 ], [ -123.1347121193173, 49.772001669773225 ], [ -123.134711869590006, 49.771911570325557 ], [ -123.135128362636848, 49.771911085373617 ], [ -123.135128613136189, 49.772001184819743 ], [ -123.134851020957072, 49.772001508206522 ], [ -123.134851769336677, 49.772271236289832 ], [ -123.134990671746067, 49.772271074555057 ], [ -123.13499017204721, 49.772091160793678 ], [ -123.13512886284407, 49.772090999139614 ], [ -123.135129112553187, 49.772180813458093 ], [ -123.135268014702575, 49.772180651391089 ], [ -123.13526826546321, 49.772270750832455 ], [ -123.135546070273179, 49.772270426197913 ], [ -123.135546572033007, 49.772450339949593 ], [ -123.135407669114457, 49.772450502351148 ], [ -123.13526876619467, 49.772450664586202 ], [ -123.134574462675459, 49.772451473018698 ], [ -123.134574960841817, 49.772631386771891 ], [ -123.134158250513494, 49.772631869984231 ], [ -123.13415973962779, 49.773171326094612 ], [ -123.134437549598132, 49.773171004113479 ], [ -123.134437798827946, 49.773261103542417 ], [ -123.134576704068763, 49.773260942301533 ], [ -123.13457695276783, 49.773350756603847 ], [ -123.134299141771578, 49.773351078920051 ], [ -123.134299390746392, 49.773441178346722 ], [ -123.134438296502651, 49.773441017271402 ], [ -123.134439540316919, 49.773890659006838 ], [ -123.134717354395974, 49.773890336351464 ], [ -123.134716855680324, 49.773710422638608 ], [ -123.134577949155641, 49.773710584048509 ], [ -123.134577700451572, 49.773620769751844 ], [ -123.13499441925174, 49.773620285024073 ], [ -123.134994168986836, 49.773530185602787 ], [ -123.135132863890192, 49.773530023940538 ], [ -123.135132614162217, 49.773440209643091 ], [ -123.135271519910944, 49.773440047568933 ], [ -123.13527076837731, 49.77317003442019 ], [ -123.135548578327558, 49.773169709775367 ], [ -123.135549080112611, 49.773349623498952 ], [ -123.135549581902708, 49.773529537216909 ], [ -123.135410675899791, 49.773529699624639 ], [ -123.135410926936856, 49.77361979904444 ], [ -123.13527202067516, 49.773619961286123 ], [ -123.135272270662341, 49.773709775580222 ], [ -123.134994668725923, 49.773710099319217 ], [ -123.134994918993343, 49.77380019873771 ], [ -123.134856012213646, 49.773800360481175 ], [ -123.134856261433626, 49.77389017477401 ], [ -123.134995168470013, 49.773890013030069 ], [ -123.134995668219119, 49.774069926735265 ], [ -123.135134364662804, 49.774069765069939 ], [ -123.135134614399547, 49.774159579357544 ], [ -123.13499591769957, 49.774159741023375 ], [ -123.13499616797327, 49.774249840434827 ], [ -123.134857259908429, 49.774250002180864 ], [ -123.134857759153363, 49.774429915875857 ], [ -123.135135365203013, 49.774429592461473 ], [ -123.135135114669652, 49.774339493053326 ], [ -123.13527402298871, 49.774339330974009 ], [ -123.135273772992733, 49.7742495166897 ], [ -123.135412681053808, 49.774249354444414 ], [ -123.135412430007918, 49.774159255034533 ], [ -123.135273522204372, 49.774159417279314 ], [ -123.135273272210881, 49.774069602992164 ], [ -123.135412179757722, 49.774069440747887 ], [ -123.13541167846671, 49.773889527045796 ], [ -123.135550585498066, 49.773889364635984 ], [ -123.13555033499496, 49.773799550345672 ], [ -123.135828148540469, 49.773799225027602 ], [ -123.135828399556999, 49.773889039316877 ], [ -123.135967306584561, 49.773888876407547 ], [ -123.13596806120951, 49.774158604390109 ], [ -123.135829153410995, 49.774158767300975 ], [ -123.135829908073262, 49.774428780397152 ], [ -123.135552090928954, 49.774429105722433 ], [ -123.135552341440885, 49.774518920002897 ], [ -123.135552592749363, 49.774609019406697 ], [ -123.135413683661042, 49.774609181820573 ], [ -123.135135865480677, 49.774609506148785 ], [ -123.135136115224981, 49.77469932042802 ], [ -123.134997416984618, 49.774699482096906 ], [ -123.134997667265878, 49.774789581499874 ], [ -123.135414184972234, 49.774789095500211 ], [ -123.135414435232505, 49.774878909775623 ], [ -123.135553345091765, 49.774878747360184 ], [ -123.135553596405273, 49.774968846758355 ], [ -123.135136866051127, 49.77496933350659 ], [ -123.13513786584879, 49.775328875717243 ], [ -123.134721343511373, 49.77532936072749 ], [ -123.134720595774766, 49.775059632785805 ], [ -123.134859506154598, 49.775059471201743 ], [ -123.134859256918318, 49.774969656927148 ], [ -123.13472034679522, 49.774969818510719 ], [ -123.134720097026516, 49.774879719109492 ], [ -123.134442277291654, 49.774880041776058 ], [ -123.134442526545314, 49.774970141178336 ], [ -123.134164706290363, 49.774970463179791 ], [ -123.134164954243019, 49.775060277456987 ], [ -123.133748434191119, 49.775060758968195 ], [ -123.133748681375252, 49.775150573245504 ], [ -123.133609770728725, 49.775150733498158 ], [ -123.133610513086211, 49.775420746572479 ], [ -123.133749424504558, 49.775420586318312 ], [ -123.133749671693678, 49.775510400589923 ], [ -123.133332936664772, 49.775510880854462 ], [ -123.133333183867222, 49.775600980250971 ], [ -123.13319427193089, 49.775601140006586 ], [ -123.13319550432962, 49.776050781596361 ], [ -123.132778764657317, 49.77605125987165 ], [ -123.132778519257883, 49.775961445604857 ], [ -123.132533315197563, 49.775961726316957 ], [ -123.132544838429055, 49.775931887306839 ], [ -123.13256632671677, 49.775784196348432 ], [ -123.132503744913365, 49.775629647990989 ], [ -123.132503476837641, 49.775629270126302 ], [ -123.13250000050445, 49.775620000019465 ], [ -123.132445522505392, 49.775547363805998 ], [ -123.13238550846232, 49.775462546556341 ], [ -123.132261388050154, 49.775290791899018 ], [ -123.132237155968483, 49.77525383173186 ], [ -123.132199740677422, 49.775194589931395 ], [ -123.132139999967904, 49.775099999591895 ], [ -123.13201344439247, 49.77496553582025 ], [ -123.131980000076936, 49.774930000524108 ], [ -123.131954282432659, 49.774915971722805 ], [ -123.1317599990372, 49.774810000446095 ], [ -123.131570632088881, 49.774795147922141 ], [ -123.131435339050611, 49.774784536417776 ], [ -123.131250000215346, 49.774770000666862 ], [ -123.131053467970986, 49.774729056091765 ], [ -123.131012019782901, 49.774720060928203 ], [ -123.130959402326681, 49.77467301735394 ], [ -123.130869999296181, 49.774590000149288 ], [ -123.130806903093983, 49.774516387612017 ], [ -123.130750000164156, 49.774450000559739 ], [ -123.130671343931041, 49.774318685528741 ], [ -123.130719500199575, 49.774396627329885 ], [ -123.130670921223697, 49.774311612525167 ], [ -123.13066381457422, 49.774192700231914 ], [ -123.130632078211448, 49.774069001303758 ], [ -123.130630380887126, 49.774061653585711 ], [ -123.130635744787526, 49.773939330984753 ], [ -123.130602171421174, 49.773805482307445 ], [ -123.130546283325742, 49.773639009396973 ], [ -123.130491754593933, 49.773502910600719 ], [ -123.13048005470354, 49.773470154909674 ], [ -123.130452773197817, 49.773334350875807 ], [ -123.130428422002424, 49.77324245426589 ], [ -123.130349811463731, 49.773173658407494 ], [ -123.130289706059344, 49.773098932268944 ], [ -123.130278916421958, 49.773022878526312 ], [ -123.130267481400068, 49.772930639941478 ], [ -123.130345379019928, 49.772858027732795 ], [ -123.130389197433914, 49.772805868478279 ], [ -123.130475043237524, 49.772738172404303 ], [ -123.130554813095657, 49.772639141925836 ], [ -123.130644509218513, 49.772525783976477 ], [ -123.130653430083299, 49.772519647744382 ], [ -123.130755532829099, 49.772449405745611 ], [ -123.130825153619455, 49.772370260828282 ], [ -123.130880173244705, 49.772287205733086 ], [ -123.130879485839799, 49.772280633392128 ], [ -123.130880000528933, 49.772279999769431 ], [ -123.130878783858165, 49.772273916657625 ], [ -123.130871661451692, 49.772205814144193 ], [ -123.130859411985455, 49.772139092609059 ], [ -123.130885589466232, 49.772084660446104 ], [ -123.130872745712836, 49.772011143987683 ], [ -123.130852182701474, 49.771910071667783 ], [ -123.130857418784984, 49.77179976573656 ], [ -123.13083611702001, 49.771682223453922 ], [ -123.130832453174492, 49.771570131902443 ], [ -123.130864287118683, 49.771456712169666 ], [ -123.130855085139316, 49.77133563549873 ], [ -123.130886338120746, 49.771230497278971 ], [ -123.130920362716481, 49.771114381745683 ], [ -123.130998034003255, 49.771011248071041 ], [ -123.13102417696993, 49.770881463070559 ], [ -123.13108323717374, 49.770736640592816 ], [ -123.131163725480704, 49.770582475854354 ], [ -123.13123315771675, 49.770418203501372 ], [ -123.131248547142221, 49.770390944271739 ], [ -123.131314595052885, 49.770273960693956 ], [ -123.131429805198309, 49.770162817673167 ], [ -123.131497052843301, 49.770038211310101 ], [ -123.131553441651164, 49.76991029447808 ], [ -123.131588613059336, 49.769804644114927 ], [ -123.131650503974143, 49.76971579772998 ], [ -123.131650613947997, 49.769756401368063 ], [ -123.131789509188764, 49.769756243476401 ], [ -123.131789996999373, 49.769936157334158 ], [ -123.131651101244501, 49.769936315226715 ], [ -123.131651832584552, 49.770206328566765 ], [ -123.131512936056879, 49.770206486294391 ], [ -123.131513665864901, 49.770476214498281 ], [ -123.131652563163385, 49.770476056769212 ], [ -123.131652319121017, 49.770385957286493 ], [ -123.131930113199317, 49.770385641329732 ], [ -123.1319306015412, 49.770565555166819 ], [ -123.13179170398854, 49.770565713229438 ], [ -123.131791948290839, 49.770655812708824 ], [ -123.132069743909867, 49.770655496416069 ], [ -123.132069499092623, 49.770565396937677 ], [ -123.132208396642824, 49.770565238542076 ], [ -123.132207662977237, 49.77029551034984 ], [ -123.132763038993275, 49.770294875350338 ], [ -123.132763284314962, 49.770384689705473 ], [ -123.132624598373525, 49.770384848524202 ], [ -123.132624844218185, 49.77047494800339 ], [ -123.132485946928327, 49.770475106898004 ], [ -123.132486437329206, 49.770655020728206 ], [ -123.13290291964654, 49.770654543784033 ], [ -123.132902673284875, 49.770564444308668 ], [ -123.132763775740827, 49.770564603536478 ], [ -123.132763530416682, 49.770474789184128 ], [ -123.132902427704067, 49.770474629956794 ], [ -123.132902181344875, 49.770384530478651 ], [ -123.133041078373566, 49.770384371085292 ], [ -123.133041324990216, 49.770474470562966 ], [ -123.133180222275129, 49.77047431100263 ], [ -123.133180468369247, 49.770564125353495 ], [ -123.133041570827672, 49.770564284914308 ], [ -123.133041817446809, 49.770654384389154 ], [ -123.133180715245857, 49.770654224827808 ], [ -123.133180961342447, 49.770744039175852 ], [ -123.133319859396906, 49.770743879447515 ], [ -123.133320106533461, 49.77083397891856 ], [ -123.133597903153614, 49.770833658961315 ], [ -123.133597655502086, 49.770743559491336 ], [ -123.133875240511031, 49.770743239113067 ], [ -123.133874993131528, 49.770653424767538 ], [ -123.1340138909231, 49.770653264207475 ], [ -123.13401413855928, 49.770743078552485 ], [ -123.134291934651998, 49.770742756931831 ], [ -123.134292183590489, 49.770832856399267 ], [ -123.134431081892473, 49.770832695338726 ], [ -123.134430832696509, 49.77074259587171 ], [ -123.134847526822455, 49.770742111692513 ], [ -123.134848025969461, 49.770922025497072 ], [ -123.135125611983412, 49.770921702122607 ], [ -123.135125362291873, 49.770831887784489 ], [ -123.135264260586311, 49.770831725725195 ], [ -123.135264510534526, 49.770921540062787 ], [ -123.135681206180266, 49.77092105288429 ], [ -123.135680703949205, 49.770741139085864 ], [ -123.13568020172319, 49.770561225281845 ], [ -123.135819099240976, 49.77056106255808 ], [ -123.135818848271157, 49.770471248216914 ], [ -123.135818596505885, 49.770381148749443 ], [ -123.135936012249886, 49.770381011063549 ], [ -123.13596999941268, 49.770409999816941 ], [ -123.136026376570669, 49.770502252943274 ], [ -123.13619572935454, 49.77077724741789 ], [ -123.136286043118119, 49.771147391599719 ], [ -123.136288095598289, 49.771500577467002 ], [ -123.136251322643744, 49.771833938026283 ], [ -123.136351892674881, 49.772141811464657 ], [ -123.136456597273011, 49.772468328062949 ], [ -123.136466450712462, 49.772653559203469 ], [ -123.136473883168563, 49.772793244864225 ], [ -123.136578863106166, 49.773085544261946 ], [ -123.136757100695391, 49.773388623727286 ], [ -123.137029999050498, 49.77372000027615 ], [ -123.137031827900074, 49.773722633202368 ], [ -123.137050903679892, 49.773750101879322 ], [ -123.137279999125511, 49.774079999610521 ], [ -123.137400863157012, 49.774359498337752 ], [ -123.137439999639255, 49.774450000155525 ], [ -123.137438485721788, 49.774452378027291 ], [ -123.137440648712754, 49.774457713580411 ], [ -123.137231389491504, 49.774786230591786 ], [ -123.137092131843175, 49.774879999261437 ], [ -123.137081171768898, 49.774887379126902 ], [ -123.137080634866919, 49.774697036385319 ] ], [ [ -123.133606062244667, 49.773801808435714 ], [ -123.133744969035618, 49.77380164819062 ], [ -123.133744721085449, 49.773711548767537 ], [ -123.133883416513498, 49.77371138860034 ], [ -123.133882920888169, 49.773531474875739 ], [ -123.134021826904871, 49.773531314299412 ], [ -123.134021579230094, 49.773441499997894 ], [ -123.134160484988882, 49.773441339255598 ], [ -123.134160236271555, 49.773351239828401 ], [ -123.133882425267799, 49.773351561145496 ], [ -123.133881929652446, 49.773171647409661 ], [ -123.133743235764712, 49.773171807573775 ], [ -123.133742988607935, 49.773081993265677 ], [ -123.13360408387382, 49.773082153506664 ], [ -123.13360507304931, 49.773441980982426 ], [ -123.133466167285562, 49.773442141058965 ], [ -123.133466661366541, 49.773622054789371 ], [ -123.13332775508735, 49.773622214700424 ], [ -123.133328001481487, 49.773712029001658 ], [ -123.133466908017382, 49.773711869090143 ], [ -123.133467155452479, 49.773801968514221 ], [ -123.133328248659083, 49.773802128426254 ], [ -123.133328495055679, 49.773891942724696 ], [ -123.133606309154715, 49.773891622733082 ], [ -123.133606062244667, 49.773801808435714 ] ], [ [ -123.132771392305628, 49.773352839511638 ], [ -123.132910297818057, 49.773352680268204 ], [ -123.132909805801361, 49.773172766525256 ], [ -123.133048710798363, 49.77317260711628 ], [ -123.133048464925054, 49.773082792805624 ], [ -123.1331873696641, 49.773082633230679 ], [ -123.133186876626439, 49.77290271948133 ], [ -123.133325780850058, 49.772902559740835 ], [ -123.133325534467062, 49.772812745426954 ], [ -123.132908822562555, 49.772813224147342 ], [ -123.132909560184743, 49.773082952214082 ], [ -123.132770655443224, 49.773083111456025 ], [ -123.132770900803152, 49.773172925767696 ], [ -123.132493301904802, 49.773173243511678 ], [ -123.132493792379663, 49.773353157257617 ], [ -123.132632697894564, 49.773352998346915 ], [ -123.13263294378001, 49.773443097779698 ], [ -123.132771638448204, 49.773442938943873 ], [ -123.132771392305628, 49.773352839511638 ] ], [ [ -123.132491831287098, 49.772633787364931 ], [ -123.13263073474603, 49.772633628458301 ], [ -123.132630488871698, 49.772543529012836 ], [ -123.132769180972801, 49.772543370182085 ], [ -123.132768935621513, 49.772453555860615 ], [ -123.132630243776717, 49.772453714690897 ], [ -123.132629997904871, 49.772363615242661 ], [ -123.132491095217617, 49.772363774147834 ], [ -123.132491340831976, 49.772453873596533 ], [ -123.132213534938785, 49.772454190908306 ], [ -123.132214268692962, 49.772723918999446 ], [ -123.132492076127875, 49.772723601684625 ], [ -123.132491831287098, 49.772633787364931 ] ] ] } },
{ "type": "Feature", "properties": { "FIRE_NUMBER": "V30558", "FIRE_YEAR": 2025, "PRE_FIRE_IMAGE": "S2B_10UDA_20250608_0_L2A", "PRE_FIRE_IMAGE_DATE": "2025-06-08", "POST_FIRE_IMAGE": "S2A_10UDA_20250615_0_L2A", "POST_FIRE_IMAGE_DATE": "2025-06-15", "COMMENTS": "", "FIRE_STATUS": "", "BURN_SEVERITY_RATING": "Unburned", "AREA_HA": 0.0061341854641777513, "FEATURE_AREA_SQM": 61.341854641777516, "FEATURE_LENGTH_M": 36.569016401638926 }, "geometry": { "type": "Polygon", "coordinates": [ [ [ -123.1363878550154, 49.775327411206334 ], [ -123.136387602952169, 49.775237596941572 ], [ -123.136541817847942, 49.775237415336939 ], [ -123.136456862466815, 49.775290763554587 ], [ -123.136412325418036, 49.775327382402494 ], [ -123.1363878550154, 49.775327411206334 ] ] ] } },
{ "type": "Feature", "properties": { "FIRE_NUMBER": "V30558", "FIRE_YEAR": 2025, "PRE_FIRE_IMAGE": "S2B_10UDA_20250608_0_L2A", "PRE_FIRE_IMAGE_DATE": "2025-06-08", "POST_FIRE_IMAGE": "S2A_10UDA_20250615_0_L2A", "POST_FIRE_IMAGE_DATE": "2025-06-15", "COMMENTS": "", "FIRE_STATUS": "", "BURN_SEVERITY_RATING": "Unburned", "AREA_HA": 11.913189334954446, "FEATURE_AREA_SQM": 119131.89334954445, "FEATURE_LENGTH_M": 6628.5306192242406 }, "geometry": { "type": "Polygon", "coordinates": [ [ [ -123.134565248685774, 49.769123495257702 ], [ -123.134565746759435, 49.769303409114912 ], [ -123.134704640689336, 49.769303247730008 ], [ -123.13470513928209, 49.76948316158056 ], [ -123.134427350392855, 49.769483484185891 ], [ -123.134427847962442, 49.769663398032876 ], [ -123.134288953001843, 49.769663559086858 ], [ -123.134288207026643, 49.769393545750262 ], [ -123.134427101215678, 49.769393384697842 ], [ -123.134425857714135, 49.76894374261127 ], [ -123.134564750617116, 49.768943581394907 ], [ -123.134564501979312, 49.768853767023913 ], [ -123.134703394624424, 49.768853605641567 ], [ -123.134703144941099, 49.768763506144673 ], [ -123.134564252553446, 49.768763667526471 ], [ -123.13456375449482, 49.768583753652429 ], [ -123.134702646368396, 49.768583592271625 ], [ -123.134701650028134, 49.768224049633744 ], [ -123.13442386833438, 49.768224372224822 ], [ -123.134424365080434, 49.768404000986088 ], [ -123.134146582355186, 49.768404322913284 ], [ -123.134147078866619, 49.768584236795995 ], [ -123.134285970743932, 49.76858407591466 ], [ -123.134286219652395, 49.768674175415896 ], [ -123.134147327517624, 49.768674336297728 ], [ -123.134148568430831, 49.769123978410434 ], [ -123.134287461850406, 49.769123817525958 ], [ -123.134287710766372, 49.769213917018831 ], [ -123.134148817089368, 49.769214077903733 ], [ -123.134149064962244, 49.769303892270699 ], [ -123.134010171027327, 49.769304052989625 ], [ -123.134009923411099, 49.769214238622183 ], [ -123.133732347135449, 49.769214559315984 ], [ -123.133732099248903, 49.769124459821107 ], [ -123.133176525543263, 49.769125099697099 ], [ -123.133176032614699, 49.768945185824101 ], [ -123.13303713969924, 49.768945345375876 ], [ -123.133036401476957, 49.768675617116898 ], [ -123.132897509331002, 49.768675776500629 ], [ -123.132897262996607, 49.768585676994306 ], [ -123.133036154885119, 49.768585517611072 ], [ -123.133035909074835, 49.768495703228865 ], [ -123.13317480070549, 49.768495543679649 ], [ -123.13317529362169, 49.768675457566637 ], [ -123.13345307790739, 49.768675137966689 ], [ -123.133452090023681, 49.768315310191142 ], [ -123.133590981136535, 49.768315150143451 ], [ -123.133590239857483, 49.768045421861046 ], [ -123.133867809458565, 49.768045101513174 ], [ -123.133868056801987, 49.76813491589936 ], [ -123.133729377285633, 49.768135076035144 ], [ -123.133730119339063, 49.768404804311785 ], [ -123.133868799624963, 49.76840464417451 ], [ -123.133868552277804, 49.76831482979253 ], [ -123.13400744338692, 49.768314669245683 ], [ -123.134006451412176, 49.767954841455726 ], [ -123.13414534149193, 49.767954680744388 ], [ -123.134145837990872, 49.768134594641168 ], [ -123.134284728583424, 49.768134433762334 ], [ -123.134284231570433, 49.767954519866606 ], [ -123.1344231216477, 49.767954358822301 ], [ -123.13442138073664, 49.767324802709062 ], [ -123.134143604178391, 49.767325124624001 ], [ -123.134143356332928, 49.767235310226191 ], [ -123.134004468308547, 49.767235470933464 ], [ -123.134004715897376, 49.767325285331687 ], [ -123.133449373837308, 49.767325926254905 ], [ -123.133449127274531, 49.767236111854587 ], [ -123.1335880153039, 49.767235951812992 ], [ -123.133587767702167, 49.767145852286681 ], [ -123.134004219934951, 49.767145371408638 ], [ -123.134003972348594, 49.767055557007559 ], [ -123.134420634875937, 49.767055074389404 ], [ -123.13442013737891, 49.76687516046097 ], [ -123.134559024371512, 49.766874999256331 ], [ -123.134558526365453, 49.766695085323299 ], [ -123.134419639886886, 49.766695246526936 ], [ -123.134419390748533, 49.766605146995239 ], [ -123.134280504526131, 49.766605308031849 ], [ -123.134280256434053, 49.766515493623366 ], [ -123.134141370467006, 49.766515654493027 ], [ -123.134140874012999, 49.766335740545692 ], [ -123.134974186712498, 49.766334772836764 ], [ -123.134973937341186, 49.766244958426611 ], [ -123.134835052151004, 49.766245120127074 ], [ -123.134834802246701, 49.766155020589871 ], [ -123.134695917312669, 49.76615518212342 ], [ -123.134695668457042, 49.766065367709402 ], [ -123.134695418812655, 49.765975268168923 ], [ -123.134556534391351, 49.76597542953494 ], [ -123.134556036410359, 49.765795515573771 ], [ -123.134139384680964, 49.765795998669944 ], [ -123.13400050076865, 49.765796159369074 ], [ -123.134000749123516, 49.765886258914954 ], [ -123.133861864952578, 49.765886419448123 ], [ -123.133861616855114, 49.76579631990171 ], [ -123.133722944010117, 49.765796480024335 ], [ -123.133723191850564, 49.765886579571209 ], [ -123.133306539326526, 49.765887059673211 ], [ -123.133306785614124, 49.765976874095124 ], [ -123.132890132309143, 49.765977352700425 ], [ -123.132890378607641, 49.766067452247512 ], [ -123.133168147993686, 49.766067133342773 ], [ -123.133168394027166, 49.766156947762354 ], [ -123.133307278974925, 49.766156788059718 ], [ -123.133307772340686, 49.766336702018805 ], [ -123.133863103103153, 49.766336061783576 ], [ -123.133863350422956, 49.766425876196401 ], [ -123.134002236135089, 49.766425715660169 ], [ -123.134002484498694, 49.766515815196229 ], [ -123.133447151685914, 49.766516456101151 ], [ -123.1334473982388, 49.766606270512689 ], [ -123.133308512007673, 49.766606430384279 ], [ -123.133309005385826, 49.766786344329276 ], [ -123.133170118639441, 49.766786504035387 ], [ -123.133170365463911, 49.766876603568832 ], [ -123.133031478458875, 49.766876763109011 ], [ -123.133030493758611, 49.766516935214966 ], [ -123.132891607780365, 49.766517094586646 ], [ -123.132890870428909, 49.766247366212383 ], [ -123.132751985220025, 49.76624752541607 ], [ -123.132752230486219, 49.766337339834315 ], [ -123.132474670623708, 49.766337657501957 ], [ -123.132475160911142, 49.766517571461414 ], [ -123.132614046893082, 49.766517412588925 ], [ -123.132614782715606, 49.766787140953539 ], [ -123.132753458392855, 49.766786982154898 ], [ -123.132753704445079, 49.766877081689856 ], [ -123.132476141500817, 49.766877399363494 ], [ -123.132476386262809, 49.766967213772944 ], [ -123.132615273529396, 49.766967054897947 ], [ -123.132615519327061, 49.767057154430617 ], [ -123.13233774427782, 49.76705747201521 ], [ -123.132338234070943, 49.767237385953166 ], [ -123.132477122110217, 49.767237227243122 ], [ -123.132477611645299, 49.767416856049401 ], [ -123.132338723092772, 49.767417014760426 ], [ -123.132338968381788, 49.767507114287049 ], [ -123.132200079570637, 49.767507272832098 ], [ -123.132200323827988, 49.76759708723273 ], [ -123.132061434759009, 49.767597245611825 ], [ -123.132060945984094, 49.767417331683049 ], [ -123.13164428031186, 49.767417805818411 ], [ -123.131645254782313, 49.767777633676353 ], [ -123.132478592284272, 49.767776683895271 ], [ -123.132478837835635, 49.767866783415791 ], [ -123.132201058158358, 49.767867100676376 ], [ -123.132201547459616, 49.768047014590081 ], [ -123.132062657105081, 49.768047172971734 ], [ -123.132062901113216, 49.768136987364393 ], [ -123.131924010500811, 49.768137145579992 ], [ -123.131924498781331, 49.768317059487302 ], [ -123.132063389907771, 49.768316901270694 ], [ -123.132063878707257, 49.768496815171368 ], [ -123.131924987066753, 49.768496973388942 ], [ -123.131925475357079, 49.768676887285025 ], [ -123.131786583201247, 49.768677045337142 ], [ -123.131787802276847, 49.769126687492637 ], [ -123.131648908835004, 49.769126845380789 ], [ -123.131649218789164, 49.769241286919922 ], [ -123.131648153469627, 49.769233190393606 ], [ -123.131622168752628, 49.769105525964854 ], [ -123.131615502350897, 49.768968758999947 ], [ -123.131633135994306, 49.768830927494321 ], [ -123.131687753935907, 49.768682310900928 ], [ -123.131739592142267, 49.768563160625142 ], [ -123.131753435198036, 49.76843689345904 ], [ -123.131701677083356, 49.768294222677945 ], [ -123.131631002759491, 49.768125621566945 ], [ -123.131571714699007, 49.76798428653089 ], [ -123.131550000009796, 49.76793000069064 ], [ -123.131359999965284, 49.767739999862052 ], [ -123.131304533456571, 49.767696860148611 ], [ -123.131260859718282, 49.767662890574726 ], [ -123.130919535720622, 49.767397416189254 ], [ -123.130914303256574, 49.767393475878706 ], [ -123.130914324206785, 49.767393363020219 ], [ -123.130910000032145, 49.767390000123065 ], [ -123.130939999822431, 49.767190000466599 ], [ -123.131266102462803, 49.766805925964832 ], [ -123.131266417373297, 49.766844269219604 ], [ -123.131392945155312, 49.766668942132007 ], [ -123.13146600843487, 49.766473269876158 ], [ -123.131471244384755, 49.766273396879569 ], [ -123.131427664023192, 49.766101334217332 ], [ -123.131330374050293, 49.765974524491249 ], [ -123.131320513487296, 49.76596167156103 ], [ -123.131220023441486, 49.765881448222203 ], [ -123.131216052255397, 49.765878327721687 ], [ -123.1311800004448, 49.765850000114376 ], [ -123.131119999832748, 49.765730000695292 ], [ -123.131110051481002, 49.765610627091313 ], [ -123.131030723858416, 49.76550751450506 ], [ -123.13087040010933, 49.76539345065585 ], [ -123.130857759798914, 49.765363479003142 ], [ -123.130809999601453, 49.765259999630302 ], [ -123.130779998538657, 49.765120000198664 ], [ -123.130801252709233, 49.76498185187981 ], [ -123.13082240172443, 49.764860186543963 ], [ -123.130819510562191, 49.764718574647688 ], [ -123.130834345352127, 49.764577299889154 ], [ -123.130863134463141, 49.764540628412675 ], [ -123.131220056846018, 49.764540224746568 ], [ -123.131219373015114, 49.764286870320994 ], [ -123.131273040853586, 49.764209418286349 ], [ -123.131307701701175, 49.764091334607258 ], [ -123.131374371079787, 49.764005382248619 ], [ -123.131384701953564, 49.763992062573109 ], [ -123.131430938162239, 49.763887932653425 ], [ -123.131433545715268, 49.76375229671202 ], [ -123.131413241060201, 49.763612944410397 ], [ -123.131409460700141, 49.763461986870546 ], [ -123.131455896209602, 49.76329955965268 ], [ -123.131519569419694, 49.763122371339605 ], [ -123.131544836000501, 49.762940606763976 ], [ -123.131598617034669, 49.762778308503847 ], [ -123.131742144470124, 49.762646822458642 ], [ -123.131868141974493, 49.762483777067963 ], [ -123.132045214831905, 49.762323284906572 ], [ -123.132271094648502, 49.762187088730236 ], [ -123.132480980639158, 49.762046411711829 ], [ -123.132617027010909, 49.761887066799574 ], [ -123.132703426477093, 49.761670031368766 ], [ -123.132771369897128, 49.761506631861678 ], [ -123.132761153505754, 49.761514049283093 ], [ -123.132799999312397, 49.76141999974525 ], [ -123.1328522750144, 49.761367725438333 ], [ -123.133009999362102, 49.761209999747997 ], [ -123.133086493347051, 49.761175709511704 ], [ -123.133304750817089, 49.761082490484768 ], [ -123.133432152527064, 49.761051703484085 ], [ -123.133432586130667, 49.76120970495586 ], [ -123.13357145694485, 49.761209544948166 ], [ -123.133571704464416, 49.761299644567323 ], [ -123.133016220170816, 49.761300283601479 ], [ -123.133016465882221, 49.761390098095859 ], [ -123.133155337213992, 49.761389938586483 ], [ -123.133156075906058, 49.76165966718515 ], [ -123.133433820106703, 49.76165934766405 ], [ -123.133434313862296, 49.76183926176261 ], [ -123.133573186474635, 49.761839101751349 ], [ -123.13357368074908, 49.762019015843244 ], [ -123.133157061366731, 49.762019495380621 ], [ -123.133157800865675, 49.762289509075124 ], [ -123.133574422561765, 49.762289029533157 ], [ -123.133573928279844, 49.762109115449732 ], [ -123.133851463989487, 49.762108795168693 ], [ -123.133850720642982, 49.761838781473379 ], [ -123.133989593251584, 49.76183862096304 ], [ -123.133989841551511, 49.761928720570857 ], [ -123.134128714416207, 49.761928559893619 ], [ -123.134128465858936, 49.761838460286299 ], [ -123.134267338465065, 49.761838299443099 ], [ -123.134267090439067, 49.761748484960258 ], [ -123.134310444406566, 49.76174843471442 ], [ -123.134319999346488, 49.761930000408483 ], [ -123.134119999573755, 49.762059999936234 ], [ -123.133909998700034, 49.762180000390913 ], [ -123.133890000122733, 49.762189999916927 ], [ -123.133719999920999, 49.762380000620631 ], [ -123.133750000571752, 49.762579999576424 ], [ -123.133875431149633, 49.762732309503789 ], [ -123.133890117247745, 49.762750587704467 ], [ -123.133930000080881, 49.762950000767262 ], [ -123.133930000191569, 49.763139999550241 ], [ -123.133979999718449, 49.763350000144243 ], [ -123.13398776244604, 49.763370091110019 ], [ -123.134049988872903, 49.763547597608444 ], [ -123.133994303305499, 49.763547662017523 ], [ -123.133994054983106, 49.763457562435065 ], [ -123.13371651157567, 49.76345788306395 ], [ -123.133716017531739, 49.763278254143252 ], [ -123.133577140809464, 49.763278414329079 ], [ -123.133577387574249, 49.763368228790611 ], [ -123.133160756630303, 49.763368708350725 ], [ -123.133161002626665, 49.763458522812378 ], [ -123.133022125386304, 49.763458682333365 ], [ -123.133021633907887, 49.7632790534077 ], [ -123.132605214777612, 49.763279530727303 ], [ -123.132604969031846, 49.763189431135544 ], [ -123.132327216080967, 49.763189748676893 ], [ -123.132326971627208, 49.76309993420805 ], [ -123.132188095406491, 49.763100092728543 ], [ -123.13218907297788, 49.763459635722882 ], [ -123.13205019572888, 49.763459794078905 ], [ -123.132050440448879, 49.763549893668454 ], [ -123.131911562941283, 49.763550051858537 ], [ -123.131912539256788, 49.763909879954049 ], [ -123.131773660720128, 49.763910037979699 ], [ -123.131773904158678, 49.763999852437919 ], [ -123.132329419324307, 49.763999219334586 ], [ -123.132329174859464, 49.763909404878426 ], [ -123.13246805339125, 49.763909246186934 ], [ -123.132468788335956, 49.764178974675218 ], [ -123.132607667637004, 49.764178815815761 ], [ -123.132607913396356, 49.76426891539208 ], [ -123.1321912747174, 49.76426939147246 ], [ -123.132190785519484, 49.764089477440763 ], [ -123.132051906471304, 49.764089635800289 ], [ -123.132052639111876, 49.764359364284701 ], [ -123.132330398748024, 49.764359047396084 ], [ -123.132330643218964, 49.764448861845345 ], [ -123.132469523291775, 49.764448703150833 ], [ -123.132469768797435, 49.764538802723393 ], [ -123.132608649126382, 49.76453864386194 ], [ -123.132608894112934, 49.764628458307378 ], [ -123.13302532479733, 49.76462798096513 ], [ -123.133026063632784, 49.764897994538835 ], [ -123.132887182279646, 49.764898153901385 ], [ -123.132887427783885, 49.764987968340222 ], [ -123.133165191002107, 49.764987649447576 ], [ -123.133164944984699, 49.764897835009833 ], [ -123.133859140659794, 49.764897035111424 ], [ -123.13385864527865, 49.764717121111495 ], [ -123.133997526109169, 49.76471696058492 ], [ -123.133997277770547, 49.764626861020723 ], [ -123.133858397197429, 49.764627021546829 ], [ -123.133858149902508, 49.764537207105924 ], [ -123.133163959365447, 49.764538006994179 ], [ -123.133163466563261, 49.764358092977929 ], [ -123.133302346372076, 49.76435793328546 ], [ -123.1333018530609, 49.764178019264584 ], [ -123.133440732354515, 49.764177859406679 ], [ -123.133439992017401, 49.763908130928982 ], [ -123.133301113494298, 49.763908290785388 ], [ -123.133300866453425, 49.763818191206013 ], [ -123.133578622983649, 49.763817871327703 ], [ -123.133579117312777, 49.763997785357809 ], [ -123.133717996089942, 49.763997625167953 ], [ -123.133718243905463, 49.764087724743021 ], [ -123.133579364870897, 49.764087884933339 ], [ -123.13357961164688, 49.764177699382245 ], [ -123.133857159165146, 49.764177379077921 ], [ -123.133856663803925, 49.763997465055517 ], [ -123.133995542578631, 49.763997304533021 ], [ -123.133995046708478, 49.763817390505992 ], [ -123.133856168447707, 49.763817551027465 ], [ -123.133856416517716, 49.7639076506048 ], [ -123.133717749059898, 49.763907810716773 ], [ -123.133717254219334, 49.763727896684912 ], [ -123.133855921163985, 49.763727736573948 ], [ -123.133855673096463, 49.763637636993835 ], [ -123.133994550843283, 49.76363747647332 ], [ -123.133994799168164, 49.763727576052979 ], [ -123.134125823067478, 49.763727424462544 ], [ -123.134149999540114, 49.763789999546155 ], [ -123.134226193383569, 49.763950008755479 ], [ -123.134251223157861, 49.764006134701916 ], [ -123.134276379486806, 49.76407536993964 ], [ -123.134320001108449, 49.764199999805541 ], [ -123.13432000113221, 49.76420999962874 ], [ -123.134464144933574, 49.764454420794841 ], [ -123.134550519865172, 49.764606107411815 ], [ -123.134553632589672, 49.764642680790189 ], [ -123.134565958921399, 49.764836728894167 ], [ -123.134585657065259, 49.765018974261579 ], [ -123.134589998523538, 49.765069999934028 ], [ -123.134606992878474, 49.765123408071879 ], [ -123.134660128909672, 49.765293120807293 ], [ -123.134667638887663, 49.765320555911572 ], [ -123.134699998791731, 49.765450000379374 ], [ -123.13471999966508, 49.765679999610448 ], [ -123.134769999917637, 49.765890000747945 ], [ -123.134883067706085, 49.765984222835627 ], [ -123.1349530448352, 49.766043223739622 ], [ -123.135120000756075, 49.766220000250058 ], [ -123.13514999896465, 49.76642999994322 ], [ -123.135160000127073, 49.76666000002291 ], [ -123.135130000613373, 49.76691000030408 ], [ -123.135040000000359, 49.767149999511687 ], [ -123.134954895751363, 49.767237536449969 ], [ -123.134841394949817, 49.767340208024727 ], [ -123.134757806775539, 49.767440255059064 ], [ -123.134689998892398, 49.767510000401863 ], [ -123.134689999626602, 49.767739999691464 ], [ -123.134739999618859, 49.767990000145353 ], [ -123.134729998775356, 49.768310000182353 ], [ -123.134759999346599, 49.768660000563919 ], [ -123.13481283317472, 49.768831711483635 ], [ -123.134818686557935, 49.768854861830043 ], [ -123.134851682165646, 49.768985359096995 ], [ -123.134899948257939, 49.769123106085914 ], [ -123.134565248685774, 49.769123495257702 ] ], [ [ -123.132054593906759, 49.765079020348075 ], [ -123.132193475781278, 49.765078861983028 ], [ -123.132193230782974, 49.764988762417921 ], [ -123.132470994013559, 49.764988445189417 ], [ -123.132470503768033, 49.764808531182183 ], [ -123.132748054900247, 49.764808213531623 ], [ -123.132747809655029, 49.764718399089546 ], [ -123.132331378191438, 49.76471887543503 ], [ -123.132331132940678, 49.764628775864786 ], [ -123.132192252352709, 49.764628934393791 ], [ -123.132192741565405, 49.764808848408663 ], [ -123.131776098252217, 49.764809322999923 ], [ -123.131776342475874, 49.764899422569393 ], [ -123.131637461111637, 49.764899580434061 ], [ -123.131637948275824, 49.765079494444478 ], [ -123.131915712031017, 49.765079178546685 ], [ -123.131916200228048, 49.765259092549506 ], [ -123.132055082617768, 49.765258934349916 ], [ -123.132054593906759, 49.765079020348075 ] ] ] } },
{ "type": "Feature", "properties": { "FIRE_NUMBER": "V30558", "FIRE_YEAR": 2025, "PRE_FIRE_IMAGE": "S2B_10UDA_20250608_0_L2A", "PRE_FIRE_IMAGE_DATE": "2025-06-08", "POST_FIRE_IMAGE": "S2A_10UDA_20250615_0_L2A", "POST_FIRE_IMAGE_DATE": "2025-06-15", "COMMENTS": "", "FIRE_STATUS": "", "BURN_SEVERITY_RATING": "Unburned", "AREA_HA": 0.23345441173021586, "FEATURE_AREA_SQM": 2334.5441173021586, "FEATURE_LENGTH_M": 369.14305229419398 }, "geometry": { "type": "Polygon", "coordinates": [ [ [ -123.135262758542993, 49.770291984295405 ], [ -123.135262257871958, 49.770112070474241 ], [ -123.135401154108649, 49.770111908252588 ], [ -123.135400903915098, 49.770022093902845 ], [ -123.135262007935069, 49.770022256124008 ], [ -123.135261757205967, 49.769932156647435 ], [ -123.134845281118459, 49.769932642064894 ], [ -123.134845031953631, 49.769842827710349 ], [ -123.13498392742332, 49.769842665989387 ], [ -123.134983677211267, 49.769752566508998 ], [ -123.13484478199905, 49.76975272822942 ], [ -123.134844532836709, 49.769662913872054 ], [ -123.13470563787989, 49.769663075425477 ], [ -123.134705388185282, 49.76957297594123 ], [ -123.134844282884657, 49.76957281438834 ], [ -123.134843783775281, 49.769392900541597 ], [ -123.1349826779593, 49.769392738823221 ], [ -123.134982548322512, 49.76934605640762 ], [ -123.135121669723134, 49.769621542308613 ], [ -123.135226287760261, 49.769752861031776 ], [ -123.135269154806934, 49.769806443476369 ], [ -123.135319998984045, 49.769870000020383 ], [ -123.135629999704591, 49.770120000860587 ], [ -123.135830856208798, 49.770291319759458 ], [ -123.135262758542993, 49.770291984295405 ] ] ] } },
{ "type": "Feature", "properties": { "FIRE_NUMBER": "V30558", "FIRE_YEAR": 2025, "PRE_FIRE_IMAGE": "S2B_10UDA_20250608_0_L2A", "PRE_FIRE_IMAGE_DATE": "2025-06-08", "POST_FIRE_IMAGE": "S2A_10UDA_20250615_0_L2A", "POST_FIRE_IMAGE_DATE": "2025-06-15", "COMMENTS": "", "FIRE_STATUS": "", "BURN_SEVERITY_RATING": "Unburned", "AREA_HA": 0.0001524567788103998, "FEATURE_AREA_SQM": 1.5245677881039981, "FEATURE_LENGTH_M": 7.5766439912206875 }, "geometry": { "type": "Polygon", "coordinates": [ [ [ -123.133570962692772, 49.76102963083099 ], [ -123.133523264831595, 49.761029685808481 ], [ -123.133543388366959, 49.761024822857479 ], [ -123.133570947777457, 49.761024201425023 ], [ -123.133570962692772, 49.76102963083099 ] ] ] } },
{ "type": "Feature", "properties": { "FIRE_NUMBER": "V30558", "FIRE_YEAR": 2025, "PRE_FIRE_IMAGE": "S2B_10UDA_20250608_0_L2A", "PRE_FIRE_IMAGE_DATE": "2025-06-08", "POST_FIRE_IMAGE": "S2A_10UDA_20250615_0_L2A", "POST_FIRE_IMAGE_DATE": "2025-06-15", "COMMENTS": "", "FIRE_STATUS": "", "BURN_SEVERITY_RATING": "Unburned", "AREA_HA": 0.020727386272819167, "FEATURE_AREA_SQM": 207.27386272819166, "FEATURE_LENGTH_M": 62.149339366054733 }, "geometry": { "type": "Polygon", "coordinates": [ [ [ -123.133848987519656, 49.761209224677266 ], [ -123.133848544500069, 49.761048294210717 ], [ -123.133904582957186, 49.761059955657231 ], [ -123.134028196856946, 49.761132951860112 ], [ -123.134069999277742, 49.76116000042137 ], [ -123.134097526435866, 49.761208937309554 ], [ -123.133848987519656, 49.761209224677266 ] ] ] } },
{ "type": "Feature", "properties": { "FIRE_NUMBER": "V30558", "FIRE_YEAR": 2025, "PRE_FIRE_IMAGE": "S2B_10UDA_20250608_0_L2A", "PRE_FIRE_IMAGE_DATE": "2025-06-08", "POST_FIRE_IMAGE": "S2A_10UDA_20250615_0_L2A", "POST_FIRE_IMAGE_DATE": "2025-06-15", "COMMENTS": "", "FIRE_STATUS": "", "BURN_SEVERITY_RATING": "Medium", "AREA_HA": 0.11017007216280549, "FEATURE_AREA_SQM": 1101.7007216280549, "FEATURE_LENGTH_M": 220.09644455008171 }, "geometry": { "type": "Polygon", "coordinates": [ [ [ -123.135407669114457, 49.772450502351148 ], [ -123.135407919341986, 49.772540316663026 ], [ -123.135963532035319, 49.772539666055629 ], [ -123.13596302873043, 49.772359752309896 ], [ -123.136101931386406, 49.772359589242832 ], [ -123.136102939029641, 49.772719416726694 ], [ -123.135825131659658, 49.772719742698463 ], [ -123.135824880659541, 49.772629928390991 ], [ -123.135269266931175, 49.772630578334315 ], [ -123.13526876619467, 49.772450664586202 ], [ -123.135407669114457, 49.772450502351148 ] ] ] } },
{ "type": "Feature", "properties": { "FIRE_NUMBER": "V30558", "FIRE_YEAR": 2025, "PRE_FIRE_IMAGE": "S2B_10UDA_20250608_0_L2A", "PRE_FIRE_IMAGE_DATE": "2025-06-08", "POST_FIRE_IMAGE": "S2A_10UDA_20250615_0_L2A", "POST_FIRE_IMAGE_DATE": "2025-06-15", "COMMENTS": "", "FIRE_STATUS": "", "BURN_SEVERITY_RATING": "Medium", "AREA_HA": 0.38026834001383475, "FEATURE_AREA_SQM": 3802.6834001383477, "FEATURE_LENGTH_M": 340.12143587605016 }, "geometry": { "type": "Polygon", "coordinates": [ [ [ -123.135548578327558, 49.773169709775367 ], [ -123.135687483300799, 49.773169547203167 ], [ -123.135687232551078, 49.773079732902197 ], [ -123.136242851404617, 49.773079080950396 ], [ -123.136243355758168, 49.773258994671608 ], [ -123.136382049880424, 49.773258831514816 ], [ -123.136382554752473, 49.77343874522947 ], [ -123.136521460489831, 49.773438581656883 ], [ -123.136522471277615, 49.773798409067098 ], [ -123.136244868849275, 49.773798735801627 ], [ -123.136244364480476, 49.773618822097291 ], [ -123.136105458226368, 49.77361898533804 ], [ -123.136105709753778, 49.773708799629119 ], [ -123.135688990213737, 49.773709288353977 ], [ -123.135688739456469, 49.773619474061391 ], [ -123.135827645714372, 49.773619311320154 ], [ -123.135827393904762, 49.773529211901902 ], [ -123.135688487904389, 49.773529374642671 ], [ -123.135687985600072, 49.773349460925722 ], [ -123.135549080112611, 49.773349623498952 ], [ -123.135548578327558, 49.773169709775367 ] ] ] } },
{ "type": "Feature", "properties": { "FIRE_NUMBER": "V30558", "FIRE_YEAR": 2025, "PRE_FIRE_IMAGE": "S2B_10UDA_20250608_0_L2A", "PRE_FIRE_IMAGE_DATE": "2025-06-08", "POST_FIRE_IMAGE": "S2A_10UDA_20250615_0_L2A", "POST_FIRE_IMAGE_DATE": "2025-06-15", "COMMENTS": "", "FIRE_STATUS": "", "BURN_SEVERITY_RATING": "Low", "AREA_HA": 5.6779568180940956, "FEATURE_AREA_SQM": 56779.568180940958, "FEATURE_LENGTH_M": 4297.1742173312778 }, "geometry": { "type": "Polygon", "coordinates": [ [ [ -123.136387602952169, 49.775237596941572 ], [ -123.1363878550154, 49.775327411206334 ], [ -123.136412325418036, 49.775327382402494 ], [ -123.136302585741689, 49.775417611227809 ], [ -123.136110496201454, 49.775417837014615 ], [ -123.13610973995381, 49.775147823967956 ], [ -123.135970829328627, 49.775147987051064 ], [ -123.135970326748094, 49.774968358511366 ], [ -123.136386845969895, 49.774967869014183 ], [ -123.136386341054674, 49.774787955347364 ], [ -123.136247642568549, 49.774788118512959 ], [ -123.136246885575744, 49.774518105438247 ], [ -123.1359690679256, 49.774518431763703 ], [ -123.135969320006666, 49.774608531165946 ], [ -123.135830410922139, 49.774608694079333 ], [ -123.135830159098617, 49.774518594676586 ], [ -123.135552341440885, 49.774518920002897 ], [ -123.135552090928954, 49.774429105722433 ], [ -123.135829908073262, 49.774428780397152 ], [ -123.135829153410995, 49.774158767300975 ], [ -123.13596806120951, 49.774158604390109 ], [ -123.135967306584561, 49.773888876407547 ], [ -123.135828399556999, 49.773889039316877 ], [ -123.135828148540469, 49.773799225027602 ], [ -123.13555033499496, 49.773799550345672 ], [ -123.135550585498066, 49.773889364635984 ], [ -123.13541167846671, 49.773889527045796 ], [ -123.135412179757722, 49.774069440747887 ], [ -123.135273272210881, 49.774069602992164 ], [ -123.135273522204372, 49.774159417279314 ], [ -123.135412430007918, 49.774159255034533 ], [ -123.135412681053808, 49.774249354444414 ], [ -123.135273772992733, 49.7742495166897 ], [ -123.13527402298871, 49.774339330974009 ], [ -123.135135114669652, 49.774339493053326 ], [ -123.135135365203013, 49.774429592461473 ], [ -123.134857759153363, 49.774429915875857 ], [ -123.134857259908429, 49.774250002180864 ], [ -123.13499616797327, 49.774249840434827 ], [ -123.13499591769957, 49.774159741023375 ], [ -123.135134614399547, 49.774159579357544 ], [ -123.135134364662804, 49.774069765069939 ], [ -123.134995668219119, 49.774069926735265 ], [ -123.134995168470013, 49.773890013030069 ], [ -123.134856261433626, 49.77389017477401 ], [ -123.134856012213646, 49.773800360481175 ], [ -123.134994918993343, 49.77380019873771 ], [ -123.134994668725923, 49.773710099319217 ], [ -123.135272270662341, 49.773709775580222 ], [ -123.13527202067516, 49.773619961286123 ], [ -123.135410926936856, 49.77361979904444 ], [ -123.135410675899791, 49.773529699624639 ], [ -123.135549581902708, 49.773529537216909 ], [ -123.135549080112611, 49.773349623498952 ], [ -123.135687985600072, 49.773349460925722 ], [ -123.135688487904389, 49.773529374642671 ], [ -123.135827393904762, 49.773529211901902 ], [ -123.135827645714372, 49.773619311320154 ], [ -123.135688739456469, 49.773619474061391 ], [ -123.135688990213737, 49.773709288353977 ], [ -123.136105709753778, 49.773708799629119 ], [ -123.136105458226368, 49.77361898533804 ], [ -123.136244364480476, 49.773618822097291 ], [ -123.136244868849275, 49.773798735801627 ], [ -123.136522471277615, 49.773798409067098 ], [ -123.136521460489831, 49.773438581656883 ], [ -123.136382554752473, 49.77343874522947 ], [ -123.136382049880424, 49.773258831514816 ], [ -123.136243355758168, 49.773258994671608 ], [ -123.136242851404617, 49.773079080950396 ], [ -123.135687232551078, 49.773079732902197 ], [ -123.135687483300799, 49.773169547203167 ], [ -123.135548578327558, 49.773169709775367 ], [ -123.13527076837731, 49.77317003442019 ], [ -123.135271519910944, 49.773440047568933 ], [ -123.135132614162217, 49.773440209643091 ], [ -123.135132863890192, 49.773530023940538 ], [ -123.134994168986836, 49.773530185602787 ], [ -123.13499441925174, 49.773620285024073 ], [ -123.134577700451572, 49.773620769751844 ], [ -123.134577949155641, 49.773710584048509 ], [ -123.134716855680324, 49.773710422638608 ], [ -123.134717354395974, 49.773890336351464 ], [ -123.134439540316919, 49.773890659006838 ], [ -123.134438296502651, 49.773441017271402 ], [ -123.134299390746392, 49.773441178346722 ], [ -123.134299141771578, 49.773351078920051 ], [ -123.13457695276783, 49.773350756603847 ], [ -123.134576704068763, 49.773260942301533 ], [ -123.134437798827946, 49.773261103542417 ], [ -123.134437549598132, 49.773171004113479 ], [ -123.13415973962779, 49.773171326094612 ], [ -123.134158250513494, 49.772631869984231 ], [ -123.134574960841817, 49.772631386771891 ], [ -123.134574462675459, 49.772451473018698 ], [ -123.13526876619467, 49.772450664586202 ], [ -123.135269266931175, 49.772630578334315 ], [ -123.135824880659541, 49.772629928390991 ], [ -123.135825131659658, 49.772719742698463 ], [ -123.136102939029641, 49.772719416726694 ], [ -123.136101931386406, 49.772359589242832 ], [ -123.13596302873043, 49.772359752309896 ], [ -123.135963532035319, 49.772539666055629 ], [ -123.135407919341986, 49.772540316663026 ], [ -123.135407669114457, 49.772450502351148 ], [ -123.135546572033007, 49.772450339949593 ], [ -123.135546070273179, 49.772270426197913 ], [ -123.13526826546321, 49.772270750832455 ], [ -123.135268014702575, 49.772180651391089 ], [ -123.135129112553187, 49.772180813458093 ], [ -123.13512886284407, 49.772090999139614 ], [ -123.13499017204721, 49.772091160793678 ], [ -123.134990671746067, 49.772271074555057 ], [ -123.134851769336677, 49.772271236289832 ], [ -123.134851020957072, 49.772001508206522 ], [ -123.135128613136189, 49.772001184819743 ], [ -123.135128362636848, 49.771911085373617 ], [ -123.134711869590006, 49.771911570325557 ], [ -123.1347121193173, 49.772001669773225 ], [ -123.134434316033932, 49.772001992407169 ], [ -123.134434564458815, 49.772091806729591 ], [ -123.134156760657078, 49.772092128698539 ], [ -123.134156512745562, 49.772002314375058 ], [ -123.134017611099523, 49.772002475109261 ], [ -123.134017362659719, 49.771912375659049 ], [ -123.134156264048272, 49.771912214925365 ], [ -123.134156016139244, 49.771822400599092 ], [ -123.134294917269884, 49.771822239699432 ], [ -123.13429417120463, 49.771552226464053 ], [ -123.134155270845653, 49.771552387362213 ], [ -123.134155022941613, 49.771462573030362 ], [ -123.134016122838034, 49.77146273376146 ], [ -123.134016618920214, 49.771642647549712 ], [ -123.133877718301235, 49.771642808115423 ], [ -123.133877965694424, 49.771732622445434 ], [ -123.133739275913101, 49.771732782601411 ], [ -123.1337395238358, 49.771822882055496 ], [ -123.133878213874226, 49.771822721898978 ], [ -123.133878461269902, 49.771912536226239 ], [ -123.13332306679456, 49.771913176587049 ], [ -123.133322573274967, 49.771733262802144 ], [ -123.133183672393088, 49.771733422536066 ], [ -123.133183919285841, 49.771823521992125 ], [ -123.132906117003429, 49.77182384096141 ], [ -123.132906362602768, 49.771913655292245 ], [ -123.132767461203017, 49.77191381452765 ], [ -123.132767707325769, 49.77200391398241 ], [ -123.132629016764056, 49.772004072810191 ], [ -123.132628770898407, 49.771913973354962 ], [ -123.132489869496197, 49.77191413225755 ], [ -123.132489379060786, 49.771734218466676 ], [ -123.132350478171517, 49.771734377201824 ], [ -123.132350968092737, 49.771914290993706 ], [ -123.13193426387501, 49.771914766203118 ], [ -123.131935240647223, 49.772274593776054 ], [ -123.131796338210521, 49.772274751848173 ], [ -123.131796093886109, 49.772184652394131 ], [ -123.131379598438642, 49.772185125370576 ], [ -123.131379841990949, 49.77227522482616 ], [ -123.130963134662466, 49.772275696545684 ], [ -123.130962891882632, 49.772185597088622 ], [ -123.131240696254537, 49.772185282776462 ], [ -123.131240211208436, 49.772005654109861 ], [ -123.130962407863251, 49.772005968420061 ], [ -123.130962165087112, 49.771915868958786 ], [ -123.13123996791731, 49.771915554649574 ], [ -123.131239725397293, 49.771825740312792 ], [ -123.131378626553882, 49.771825582908903 ], [ -123.131378383007714, 49.771735483446321 ], [ -123.131517072809984, 49.77173532611603 ], [ -123.131516829779486, 49.771645511777436 ], [ -123.131378140233451, 49.771645669107237 ], [ -123.131377896689742, 49.771555569641777 ], [ -123.13096119553127, 49.771556041349392 ], [ -123.130960468761302, 49.77128631319006 ], [ -123.131099368377875, 49.771286156122187 ], [ -123.131099125353998, 49.771196056650147 ], [ -123.131238024711848, 49.77119589941627 ], [ -123.131237782201609, 49.771106085068247 ], [ -123.131376681301575, 49.771105927668366 ], [ -123.131376438535895, 49.771016113319419 ], [ -123.131792923966003, 49.771015640362435 ], [ -123.131793167501286, 49.771105454709861 ], [ -123.132209864782823, 49.771104980013504 ], [ -123.132209620477525, 49.771015165667542 ], [ -123.132070721641597, 49.771015324065665 ], [ -123.132070476819436, 49.770925224592901 ], [ -123.13234827397514, 49.770924907631205 ], [ -123.132348029415652, 49.770835093282983 ], [ -123.132486927735016, 49.770834934552809 ], [ -123.132486682142883, 49.770744835078759 ], [ -123.132764267171638, 49.770744517361869 ], [ -123.132764758607422, 49.770924431181705 ], [ -123.132903657179725, 49.770924271951849 ], [ -123.13290390354635, 49.771014371421558 ], [ -123.132765004716546, 49.77101453065189 ], [ -123.132765741493742, 49.771284258804407 ], [ -123.132627052985555, 49.771284417628152 ], [ -123.13262729806452, 49.771374231968409 ], [ -123.132904886686291, 49.771373913911759 ], [ -123.13290464109437, 49.771284099572561 ], [ -123.133043540693706, 49.771283940174179 ], [ -123.133043294065885, 49.771193840709131 ], [ -123.13318219340654, 49.771193681144794 ], [ -123.133182440291833, 49.771283780609295 ], [ -123.13332133988871, 49.771283620877909 ], [ -123.133320600028256, 49.771013892731496 ], [ -123.133459498853099, 49.771013732835065 ], [ -123.13345999208407, 49.771193361516545 ], [ -123.133737790756669, 49.771193041222318 ], [ -123.13373754362722, 49.771103226883319 ], [ -123.133876231612149, 49.771103066730845 ], [ -123.133875984227686, 49.771013252390951 ], [ -123.134014883047541, 49.771013091828841 ], [ -123.134015130688681, 49.771102906168238 ], [ -123.134154029763948, 49.771102745439102 ], [ -123.134154277663001, 49.771192559776601 ], [ -123.13429317699368, 49.771192398880487 ], [ -123.134293425938438, 49.771282498340902 ], [ -123.134710124695431, 49.771282014652016 ], [ -123.134710373623648, 49.771371828984684 ], [ -123.135265761881442, 49.771371181979497 ], [ -123.135266012630709, 49.771461281433538 ], [ -123.135404912722976, 49.771461119204162 ], [ -123.135405413945932, 49.771641032982153 ], [ -123.135544314551126, 49.771640870585209 ], [ -123.135545066768685, 49.771910598677692 ], [ -123.135822869516929, 49.771910273381259 ], [ -123.13582312130373, 49.772000372824778 ], [ -123.13540641640698, 49.772000860521274 ], [ -123.135406916850712, 49.772180489157556 ], [ -123.135823623287521, 49.772180001457997 ], [ -123.135823372294993, 49.772090187142098 ], [ -123.135962274181381, 49.772090024243084 ], [ -123.1359625254306, 49.772179838558479 ], [ -123.136101427572399, 49.772179675492431 ], [ -123.136101679877996, 49.772269774930734 ], [ -123.136240582276045, 49.772269611697645 ], [ -123.136241086606759, 49.772449525444166 ], [ -123.136379778419055, 49.772449362292015 ], [ -123.136380283268281, 49.772629276031921 ], [ -123.136241590942547, 49.772629439185096 ], [ -123.136241842712721, 49.772719253491026 ], [ -123.136380535294748, 49.772719090337354 ], [ -123.136381040151534, 49.772899004068783 ], [ -123.136242347056125, 49.772899167223542 ], [ -123.136242599629384, 49.772989266650058 ], [ -123.136381292981923, 49.772989103494815 ], [ -123.136381797046255, 49.773168732093062 ], [ -123.136520702011879, 49.773168568522081 ], [ -123.136521207395603, 49.773348482238418 ], [ -123.136660112874168, 49.773348318499878 ], [ -123.136661124685304, 49.77370814591368 ], [ -123.136800031191029, 49.773707982006535 ], [ -123.136800284805389, 49.773798081418349 ], [ -123.136661378042135, 49.773798245325992 ], [ -123.136661883957871, 49.77397815902161 ], [ -123.136384069399114, 49.773978486339445 ], [ -123.136383816554769, 49.773888386928959 ], [ -123.136245120635905, 49.773888550089346 ], [ -123.136245625012293, 49.774068463785291 ], [ -123.136384321444595, 49.774068300623853 ], [ -123.13638482633948, 49.774248214313168 ], [ -123.136523734390451, 49.774248050735984 ], [ -123.136524492113196, 49.77451777869549 ], [ -123.136663400933841, 49.774517614950241 ], [ -123.13666365430214, 49.774607714349813 ], [ -123.136802563379035, 49.77460755043753 ], [ -123.136802816203542, 49.774697364710605 ], [ -123.137080634866919, 49.774697036385319 ], [ -123.137081171768898, 49.774887379126902 ], [ -123.13683119247942, 49.775055699424414 ], [ -123.136541817847942, 49.775237415336939 ], [ -123.136387602952169, 49.775237596941572 ] ] ] } },
{ "type": "Feature", "properties": { "FIRE_NUMBER": "V30558", "FIRE_YEAR": 2025, "PRE_FIRE_IMAGE": "S2B_10UDA_20250608_0_L2A", "PRE_FIRE_IMAGE_DATE": "2025-06-08", "POST_FIRE_IMAGE": "S2A_10UDA_20250615_0_L2A", "POST_FIRE_IMAGE_DATE": "2025-06-15", "COMMENTS": "", "FIRE_STATUS": "", "BURN_SEVERITY_RATING": "Low", "AREA_HA": 0.24014421724500157, "FEATURE_AREA_SQM": 2401.4421724500157, "FEATURE_LENGTH_M": 320.10461834806659 }, "geometry": { "type": "Polygon", "coordinates": [ [ [ -123.133328495055679, 49.773891942724696 ], [ -123.133328248659083, 49.773802128426254 ], [ -123.133467155452479, 49.773801968514221 ], [ -123.133466908017382, 49.773711869090143 ], [ -123.133328001481487, 49.773712029001658 ], [ -123.13332775508735, 49.773622214700424 ], [ -123.133466661366541, 49.773622054789371 ], [ -123.133466167285562, 49.773442141058965 ], [ -123.13360507304931, 49.773441980982426 ], [ -123.13360408387382, 49.773082153506664 ], [ -123.133742988607935, 49.773081993265677 ], [ -123.133743235764712, 49.773171807573775 ], [ -123.133881929652446, 49.773171647409661 ], [ -123.133882425267799, 49.773351561145496 ], [ -123.134160236271555, 49.773351239828401 ], [ -123.134160484988882, 49.773441339255598 ], [ -123.134021579230094, 49.773441499997894 ], [ -123.134021826904871, 49.773531314299412 ], [ -123.133882920888169, 49.773531474875739 ], [ -123.133883416513498, 49.77371138860034 ], [ -123.133744721085449, 49.773711548767537 ], [ -123.133744969035618, 49.77380164819062 ], [ -123.133606062244667, 49.773801808435714 ], [ -123.133606309154715, 49.773891622733082 ], [ -123.133328495055679, 49.773891942724696 ] ] ] } },
{ "type": "Feature", "properties": { "FIRE_NUMBER": "V30558", "FIRE_YEAR": 2025, "PRE_FIRE_IMAGE": "S2B_10UDA_20250608_0_L2A", "PRE_FIRE_IMAGE_DATE": "2025-06-08", "POST_FIRE_IMAGE": "S2A_10UDA_20250615_0_L2A", "POST_FIRE_IMAGE_DATE": "2025-06-15", "COMMENTS": "", "FIRE_STATUS": "", "BURN_SEVERITY_RATING": "Low", "AREA_HA": 0.27014259726958328, "FEATURE_AREA_SQM": 2701.425972695833, "FEATURE_LENGTH_M": 420.14558999478982 }, "geometry": { "type": "Polygon", "coordinates": [ [ [ -123.135136866051127, 49.77496933350659 ], [ -123.135553596405273, 49.774968846758355 ], [ -123.135553345091765, 49.774878747360184 ], [ -123.135414435232505, 49.774878909775623 ], [ -123.135414184972234, 49.774789095500211 ], [ -123.134997667265878, 49.774789581499874 ], [ -123.134997416984618, 49.774699482096906 ], [ -123.135136115224981, 49.77469932042802 ], [ -123.135135865480677, 49.774609506148785 ], [ -123.135413683661042, 49.774609181820573 ], [ -123.135413933918798, 49.774698996098792 ], [ -123.135552843263795, 49.774698833684404 ], [ -123.135553094574789, 49.774788933085276 ], [ -123.135692004176079, 49.774788770503875 ], [ -123.135692757297022, 49.775058498447379 ], [ -123.135553846924765, 49.775058661030364 ], [ -123.135554097445507, 49.775148475301059 ], [ -123.135415186815266, 49.77514863771804 ], [ -123.135415437875039, 49.77523873711246 ], [ -123.135693259649329, 49.775238412110966 ], [ -123.135693762006696, 49.775418325768918 ], [ -123.135832673406227, 49.775418163017378 ], [ -123.135832924445481, 49.775507977281364 ], [ -123.135416189472934, 49.775508465038023 ], [ -123.135415688141592, 49.775328551380817 ], [ -123.13513786584879, 49.775328875717243 ], [ -123.135136866051127, 49.77496933350659 ] ] ] } },
{ "type": "Feature", "properties": { "FIRE_NUMBER": "V30558", "FIRE_YEAR": 2025, "PRE_FIRE_IMAGE": "S2B_10UDA_20250608_0_L2A", "PRE_FIRE_IMAGE_DATE": "2025-06-08", "POST_FIRE_IMAGE": "S2A_10UDA_20250615_0_L2A", "POST_FIRE_IMAGE_DATE": "2025-06-15", "COMMENTS": "", "FIRE_STATUS": "", "BURN_SEVERITY_RATING": "Low", "AREA_HA": 7.2938591437745064, "FEATURE_AREA_SQM": 72938.591437745068, "FEATURE_LENGTH_M": 5069.1117617307755 }, "geometry": { "type": "Polygon", "coordinates": [ [ [ -123.131645254782313, 49.767777633676353 ], [ -123.13164428031186, 49.767417805818411 ], [ -123.132060945984094, 49.767417331683049 ], [ -123.132061434759009, 49.767597245611825 ], [ -123.132200323827988, 49.76759708723273 ], [ -123.132200079570637, 49.767507272832098 ], [ -123.132338968381788, 49.767507114287049 ], [ -123.132338723092772, 49.767417014760426 ], [ -123.132477611645299, 49.767416856049401 ], [ -123.132477122110217, 49.767237227243122 ], [ -123.132338234070943, 49.767237385953166 ], [ -123.13233774427782, 49.76705747201521 ], [ -123.132615519327061, 49.767057154430617 ], [ -123.132615273529396, 49.766967054897947 ], [ -123.132476386262809, 49.766967213772944 ], [ -123.132476141500817, 49.766877399363494 ], [ -123.132753704445079, 49.766877081689856 ], [ -123.132753458392855, 49.766786982154898 ], [ -123.132614782715606, 49.766787140953539 ], [ -123.132614046893082, 49.766517412588925 ], [ -123.132475160911142, 49.766517571461414 ], [ -123.132474670623708, 49.766337657501957 ], [ -123.132752230486219, 49.766337339834315 ], [ -123.132751985220025, 49.76624752541607 ], [ -123.132890870428909, 49.766247366212383 ], [ -123.132891607780365, 49.766517094586646 ], [ -123.133030493758611, 49.766516935214966 ], [ -123.133031478458875, 49.766876763109011 ], [ -123.133170365463911, 49.766876603568832 ], [ -123.133170118639441, 49.766786504035387 ], [ -123.133309005385826, 49.766786344329276 ], [ -123.133308512007673, 49.766606430384279 ], [ -123.1334473982388, 49.766606270512689 ], [ -123.133447151685914, 49.766516456101151 ], [ -123.134002484498694, 49.766515815196229 ], [ -123.134002236135089, 49.766425715660169 ], [ -123.133863350422956, 49.766425876196401 ], [ -123.133863103103153, 49.766336061783576 ], [ -123.133307772340686, 49.766336702018805 ], [ -123.133307278974925, 49.766156788059718 ], [ -123.133168394027166, 49.766156947762354 ], [ -123.133168147993686, 49.766067133342773 ], [ -123.132890378607641, 49.766067452247512 ], [ -123.132890132309143, 49.765977352700425 ], [ -123.133306785614124, 49.765976874095124 ], [ -123.133306539326526, 49.765887059673211 ], [ -123.133723191850564, 49.765886579571209 ], [ -123.133722944010117, 49.765796480024335 ], [ -123.133861616855114, 49.76579631990171 ], [ -123.133861864952578, 49.765886419448123 ], [ -123.134000749123516, 49.765886258914954 ], [ -123.13400050076865, 49.765796159369074 ], [ -123.134139384680964, 49.765795998669944 ], [ -123.134140129734732, 49.766066012176708 ], [ -123.134001245051039, 49.766066172877366 ], [ -123.134001492623696, 49.766155987293864 ], [ -123.13441814744084, 49.766155504690985 ], [ -123.134417899098395, 49.766065690275973 ], [ -123.134695668457042, 49.766065367709402 ], [ -123.134695917312669, 49.76615518212342 ], [ -123.134834802246701, 49.766155020589871 ], [ -123.134835052151004, 49.766245120127074 ], [ -123.134973937341186, 49.766244958426611 ], [ -123.134974186712498, 49.766334772836764 ], [ -123.134140874012999, 49.766335740545692 ], [ -123.134141370467006, 49.766515654493027 ], [ -123.134280256434053, 49.766515493623366 ], [ -123.134280504526131, 49.766605308031849 ], [ -123.134419390748533, 49.766605146995239 ], [ -123.134419639886886, 49.766695246526936 ], [ -123.134558526365453, 49.766695085323299 ], [ -123.134559024371512, 49.766874999256331 ], [ -123.13442013737891, 49.76687516046097 ], [ -123.134420634875937, 49.767055074389404 ], [ -123.134003972348594, 49.767055557007559 ], [ -123.134004219934951, 49.767145371408638 ], [ -123.133587767702167, 49.767145852286681 ], [ -123.1335880153039, 49.767235951812992 ], [ -123.133449127274531, 49.767236111854587 ], [ -123.133449373837308, 49.767325926254905 ], [ -123.134004715897376, 49.767325285331687 ], [ -123.134004468308547, 49.767235470933464 ], [ -123.134143356332928, 49.767235310226191 ], [ -123.134143604178391, 49.767325124624001 ], [ -123.13442138073664, 49.767324802709062 ], [ -123.1344231216477, 49.767954358822301 ], [ -123.134284231570433, 49.767954519866606 ], [ -123.134284728583424, 49.768134433762334 ], [ -123.134145837990872, 49.768134594641168 ], [ -123.13414534149193, 49.767954680744388 ], [ -123.134006451412176, 49.767954841455726 ], [ -123.13400744338692, 49.768314669245683 ], [ -123.133868552277804, 49.76831482979253 ], [ -123.133868799624963, 49.76840464417451 ], [ -123.133730119339063, 49.768404804311785 ], [ -123.133729377285633, 49.768135076035144 ], [ -123.133868056801987, 49.76813491589936 ], [ -123.133867809458565, 49.768045101513174 ], [ -123.133590239857483, 49.768045421861046 ], [ -123.133590981136535, 49.768315150143451 ], [ -123.133452090023681, 49.768315310191142 ], [ -123.13345307790739, 49.768675137966689 ], [ -123.13317529362169, 49.768675457566637 ], [ -123.13317480070549, 49.768495543679649 ], [ -123.133035909074835, 49.768495703228865 ], [ -123.133036154885119, 49.768585517611072 ], [ -123.132897262996607, 49.768585676994306 ], [ -123.132897509331002, 49.768675776500629 ], [ -123.133036401476957, 49.768675617116898 ], [ -123.13303713969924, 49.768945345375876 ], [ -123.133176032614699, 49.768945185824101 ], [ -123.133176525543263, 49.769125099697099 ], [ -123.133732099248903, 49.769124459821107 ], [ -123.133732347135449, 49.769214559315984 ], [ -123.134009923411099, 49.769214238622183 ], [ -123.134010171027327, 49.769304052989625 ], [ -123.134149064962244, 49.769303892270699 ], [ -123.134148817089368, 49.769214077903733 ], [ -123.134287710766372, 49.769213917018831 ], [ -123.134287461850406, 49.769123817525958 ], [ -123.134148568430831, 49.769123978410434 ], [ -123.134147327517624, 49.768674336297728 ], [ -123.134286219652395, 49.768674175415896 ], [ -123.134285970743932, 49.76858407591466 ], [ -123.134147078866619, 49.768584236795995 ], [ -123.134146582355186, 49.768404322913284 ], [ -123.134424365080434, 49.768404000986088 ], [ -123.13442386833438, 49.768224372224822 ], [ -123.134701650028134, 49.768224049633744 ], [ -123.134702646368396, 49.768583592271625 ], [ -123.13456375449482, 49.768583753652429 ], [ -123.134564252553446, 49.768763667526471 ], [ -123.134703144941099, 49.768763506144673 ], [ -123.134703394624424, 49.768853605641567 ], [ -123.134564501979312, 49.768853767023913 ], [ -123.134564750617116, 49.768943581394907 ], [ -123.134425857714135, 49.76894374261127 ], [ -123.134427101215678, 49.769393384697842 ], [ -123.134288207026643, 49.769393545750262 ], [ -123.134288953001843, 49.769663559086858 ], [ -123.134427847962442, 49.769663398032876 ], [ -123.134427350392855, 49.769483484185891 ], [ -123.13470513928209, 49.76948316158056 ], [ -123.134704640689336, 49.769303247730008 ], [ -123.134565746759435, 49.769303409114912 ], [ -123.134565248685774, 49.769123495257702 ], [ -123.134899948257939, 49.769123106085914 ], [ -123.134920826954684, 49.769182691695406 ], [ -123.134967924771232, 49.769317098884166 ], [ -123.134982548322512, 49.76934605640762 ], [ -123.1349826779593, 49.769392738823221 ], [ -123.134843783775281, 49.769392900541597 ], [ -123.134844282884657, 49.76957281438834 ], [ -123.134705388185282, 49.76957297594123 ], [ -123.13470563787989, 49.769663075425477 ], [ -123.134844532836709, 49.769662913872054 ], [ -123.13484478199905, 49.76975272822942 ], [ -123.134983677211267, 49.769752566508998 ], [ -123.13498392742332, 49.769842665989387 ], [ -123.134845031953631, 49.769842827710349 ], [ -123.134845281118459, 49.769932642064894 ], [ -123.135261757205967, 49.769932156647435 ], [ -123.135262007935069, 49.770022256124008 ], [ -123.135400903915098, 49.770022093902845 ], [ -123.135401154108649, 49.770111908252588 ], [ -123.135262257871958, 49.770112070474241 ], [ -123.135262758542993, 49.770291984295405 ], [ -123.135830856208798, 49.770291319759458 ], [ -123.135936012249886, 49.770381011063549 ], [ -123.135818596505885, 49.770381148749443 ], [ -123.135818848271157, 49.770471248216914 ], [ -123.135679951010033, 49.770471410940154 ], [ -123.135679699502234, 49.7703813114722 ], [ -123.134568734517273, 49.770382607015094 ], [ -123.134569482076927, 49.770652620302265 ], [ -123.13484727764633, 49.770652297350615 ], [ -123.134847526822455, 49.770742111692513 ], [ -123.134430832696509, 49.77074259587171 ], [ -123.134431081892473, 49.770832695338726 ], [ -123.134292183590489, 49.770832856399267 ], [ -123.134291934651998, 49.770742756931831 ], [ -123.13401413855928, 49.770743078552485 ], [ -123.1340138909231, 49.770653264207475 ], [ -123.133874993131528, 49.770653424767538 ], [ -123.133875240511031, 49.770743239113067 ], [ -123.133597655502086, 49.770743559491336 ], [ -123.133597903153614, 49.770833658961315 ], [ -123.133320106533461, 49.77083397891856 ], [ -123.133319859396906, 49.770743879447515 ], [ -123.133180961342447, 49.770744039175852 ], [ -123.133180715245857, 49.770654224827808 ], [ -123.133041817446809, 49.770654384389154 ], [ -123.133041570827672, 49.770564284914308 ], [ -123.133180468369247, 49.770564125353495 ], [ -123.133180222275129, 49.77047431100263 ], [ -123.133041324990216, 49.770474470562966 ], [ -123.133041078373566, 49.770384371085292 ], [ -123.132902181344875, 49.770384530478651 ], [ -123.132902427704067, 49.770474629956794 ], [ -123.132763530416682, 49.770474789184128 ], [ -123.132763775740827, 49.770564603536478 ], [ -123.132902673284875, 49.770564444308668 ], [ -123.13290291964654, 49.770654543784033 ], [ -123.132486437329206, 49.770655020728206 ], [ -123.132485946928327, 49.770475106898004 ], [ -123.132624844218185, 49.77047494800339 ], [ -123.132624598373525, 49.770384848524202 ], [ -123.132763284314962, 49.770384689705473 ], [ -123.132763038993275, 49.770294875350338 ], [ -123.132207662977237, 49.77029551034984 ], [ -123.132208396642824, 49.770565238542076 ], [ -123.132069499092623, 49.770565396937677 ], [ -123.132069743909867, 49.770655496416069 ], [ -123.131791948290839, 49.770655812708824 ], [ -123.13179170398854, 49.770565713229438 ], [ -123.1319306015412, 49.770565555166819 ], [ -123.131930113199317, 49.770385641329732 ], [ -123.131652319121017, 49.770385957286493 ], [ -123.131652563163385, 49.770476056769212 ], [ -123.131513665864901, 49.770476214498281 ], [ -123.131512936056879, 49.770206486294391 ], [ -123.131651832584552, 49.770206328566765 ], [ -123.131651101244501, 49.769936315226715 ], [ -123.131789996999373, 49.769936157334158 ], [ -123.131789509188764, 49.769756243476401 ], [ -123.131650613947997, 49.769756401368063 ], [ -123.131650503974143, 49.76971579772998 ], [ -123.131657203528945, 49.769706180281688 ], [ -123.131680969177154, 49.769611024744492 ], [ -123.131688474127813, 49.769548160400788 ], [ -123.131693189106244, 49.769508691147522 ], [ -123.131664210034842, 49.769355221450155 ], [ -123.131649218789164, 49.769241286919922 ], [ -123.131648908835004, 49.769126845380789 ], [ -123.131787802276847, 49.769126687492637 ], [ -123.131786583201247, 49.768677045337142 ], [ -123.131925475357079, 49.768676887285025 ], [ -123.131924987066753, 49.768496973388942 ], [ -123.132063878707257, 49.768496815171368 ], [ -123.132063389907771, 49.768316901270694 ], [ -123.131924498781331, 49.768317059487302 ], [ -123.131924010500811, 49.768137145579992 ], [ -123.132062901113216, 49.768136987364393 ], [ -123.132062657105081, 49.768047172971734 ], [ -123.132201547459616, 49.768047014590081 ], [ -123.132201058158358, 49.767867100676376 ], [ -123.132478837835635, 49.767866783415791 ], [ -123.132478592284272, 49.767776683895271 ], [ -123.131645254782313, 49.767777633676353 ] ], [ [ -123.132617481863619, 49.767776525015748 ], [ -123.132617727672411, 49.767866624535714 ], [ -123.133034186096552, 49.767866147139095 ], [ -123.133033447138516, 49.767596133704494 ], [ -123.132894558076913, 49.767596293082178 ], [ -123.132894066218554, 49.767416379159478 ], [ -123.132616500196534, 49.767416697171889 ], [ -123.13261674600038, 49.767506796697475 ], [ -123.132477857191702, 49.767506955575513 ], [ -123.132478592284272, 49.767776683895271 ], [ -123.132617481863619, 49.767776525015748 ] ], [ [ -123.132623617341281, 49.770025305968247 ], [ -123.132901198259333, 49.770024987926668 ], [ -123.132900706334169, 49.769845074079797 ], [ -123.132761810845778, 49.769845233303613 ], [ -123.132762056161297, 49.769935047665776 ], [ -123.132484475755305, 49.769935365373605 ], [ -123.132483985374179, 49.769755451520922 ], [ -123.13262288060757, 49.769755292630343 ], [ -123.13262263555076, 49.769665478264805 ], [ -123.132483740574031, 49.769665637154908 ], [ -123.132483250200295, 49.769485723293812 ], [ -123.132760828038528, 49.769485405590984 ], [ -123.132761319439666, 49.769665319450141 ], [ -123.132900214413951, 49.769665160227305 ], [ -123.132899968065928, 49.769575060736493 ], [ -123.13303886278149, 49.769574901347703 ], [ -123.133038616957634, 49.7694850869809 ], [ -123.133177511415326, 49.76948492742612 ], [ -123.133177264554845, 49.769394827933468 ], [ -123.133038370354598, 49.769394987487779 ], [ -123.133038124533215, 49.769305173118177 ], [ -123.132899230588365, 49.769305332505425 ], [ -123.132899476153113, 49.769395146875546 ], [ -123.132760581950407, 49.769395306096833 ], [ -123.13275984525103, 49.769125577855874 ], [ -123.132621162902041, 49.769125736667597 ], [ -123.13262067202902, 49.768945822790613 ], [ -123.132342886187033, 49.768946140396217 ], [ -123.132342151817141, 49.768676412129714 ], [ -123.132203259665019, 49.768676570681279 ], [ -123.132203748988402, 49.768856484569781 ], [ -123.13206485632098, 49.768856642955797 ], [ -123.132065345135217, 49.76903655683963 ], [ -123.131926451952481, 49.769036715060238 ], [ -123.131929381082628, 49.770115913126098 ], [ -123.132623862402994, 49.770115120328057 ], [ -123.132623617341281, 49.770025305968247 ] ], [ [ -123.132757879735351, 49.768405922318266 ], [ -123.132896771111035, 49.768405763102479 ], [ -123.132896525559843, 49.768315948716989 ], [ -123.133035416677671, 49.768315789335261 ], [ -123.133034431898196, 49.767955961531094 ], [ -123.132756651717543, 49.767956280124096 ], [ -123.132756897785868, 49.768046379640751 ], [ -123.132618218515802, 49.768046538446434 ], [ -123.132618463550415, 49.768136352837139 ], [ -123.132757143076702, 49.768136194030987 ], [ -123.132757389147486, 49.768226293544842 ], [ -123.132618709364166, 49.768226452351506 ], [ -123.132619445256992, 49.768496180636099 ], [ -123.132758125809829, 49.768496021827865 ], [ -123.132757879735351, 49.768405922318266 ] ] ] } },
{ "type": "Feature", "properties": { "FIRE_NUMBER": "V30558", "FIRE_YEAR": 2025, "PRE_FIRE_IMAGE": "S2B_10UDA_20250608_0_L2A", "PRE_FIRE_IMAGE_DATE": "2025-06-08", "POST_FIRE_IMAGE": "S2A_10UDA_20250615_0_L2A", "POST_FIRE_IMAGE_DATE": "2025-06-15", "COMMENTS": "", "FIRE_STATUS": "", "BURN_SEVERITY_RATING": "Medium", "AREA_HA": 0.7806972689134728, "FEATURE_AREA_SQM": 7806.9726891347282, "FEATURE_LENGTH_M": 660.1392109854412 }, "geometry": { "type": "Polygon", "coordinates": [ [ [ -123.131929381082628, 49.770115913126098 ], [ -123.131926451952481, 49.769036715060238 ], [ -123.132065345135217, 49.76903655683963 ], [ -123.13206485632098, 49.768856642955797 ], [ -123.132203748988402, 49.768856484569781 ], [ -123.132203259665019, 49.768676570681279 ], [ -123.132342151817141, 49.768676412129714 ], [ -123.132342886187033, 49.768946140396217 ], [ -123.13262067202902, 49.768945822790613 ], [ -123.132621162902041, 49.769125736667597 ], [ -123.13275984525103, 49.769125577855874 ], [ -123.132760581950407, 49.769395306096833 ], [ -123.132899476153113, 49.769395146875546 ], [ -123.132899230588365, 49.769305332505425 ], [ -123.133038124533215, 49.769305173118177 ], [ -123.133038370354598, 49.769394987487779 ], [ -123.133177264554845, 49.769394827933468 ], [ -123.133177511415326, 49.76948492742612 ], [ -123.133038616957634, 49.7694850869809 ], [ -123.13303886278149, 49.769574901347703 ], [ -123.132899968065928, 49.769575060736493 ], [ -123.132900214413951, 49.769665160227305 ], [ -123.132761319439666, 49.769665319450141 ], [ -123.132760828038528, 49.769485405590984 ], [ -123.132483250200295, 49.769485723293812 ], [ -123.132483740574031, 49.769665637154908 ], [ -123.13262263555076, 49.769665478264805 ], [ -123.13262288060757, 49.769755292630343 ], [ -123.132483985374179, 49.769755451520922 ], [ -123.132484475755305, 49.769935365373605 ], [ -123.132762056161297, 49.769935047665776 ], [ -123.132761810845778, 49.769845233303613 ], [ -123.132900706334169, 49.769845074079797 ], [ -123.132901198259333, 49.770024987926668 ], [ -123.132623617341281, 49.770025305968247 ], [ -123.132623862402994, 49.770115120328057 ], [ -123.131929381082628, 49.770115913126098 ] ] ] } },
{ "type": "Feature", "properties": { "FIRE_NUMBER": "V30558", "FIRE_YEAR": 2025, "PRE_FIRE_IMAGE": "S2B_10UDA_20250608_0_L2A", "PRE_FIRE_IMAGE_DATE": "2025-06-08", "POST_FIRE_IMAGE": "S2A_10UDA_20250615_0_L2A", "POST_FIRE_IMAGE_DATE": "2025-06-15", "COMMENTS": "", "FIRE_STATUS": "", "BURN_SEVERITY_RATING": "Low", "AREA_HA": 0.10006443083483871, "FEATURE_AREA_SQM": 1000.6443083483871, "FEATURE_LENGTH_M": 160.05864274444775 }, "geometry": { "type": "Polygon", "coordinates": [ [ [ -123.132214268692962, 49.772723918999446 ], [ -123.132213534938785, 49.772454190908306 ], [ -123.132491340831976, 49.772453873596533 ], [ -123.132491095217617, 49.772363774147834 ], [ -123.132629997904871, 49.772363615242661 ], [ -123.132630243776717, 49.772453714690897 ], [ -123.132768935621513, 49.772453555860615 ], [ -123.132769180972801, 49.772543370182085 ], [ -123.132630488871698, 49.772543529012836 ], [ -123.13263073474603, 49.772633628458301 ], [ -123.132491831287098, 49.772633787364931 ], [ -123.132492076127875, 49.772723601684625 ], [ -123.132214268692962, 49.772723918999446 ] ] ] } },
{ "type": "Feature", "properties": { "FIRE_NUMBER": "V30558", "FIRE_YEAR": 2025, "PRE_FIRE_IMAGE": "S2B_10UDA_20250608_0_L2A", "PRE_FIRE_IMAGE_DATE": "2025-06-08", "POST_FIRE_IMAGE": "S2A_10UDA_20250615_0_L2A", "POST_FIRE_IMAGE_DATE": "2025-06-15", "COMMENTS": "", "FIRE_STATUS": "", "BURN_SEVERITY_RATING": "Low", "AREA_HA": 0.16006902878758489, "FEATURE_AREA_SQM": 1600.6902878758488, "FEATURE_LENGTH_M": 260.0769144455117 }, "geometry": { "type": "Polygon", "coordinates": [ [ [ -123.13263294378001, 49.773443097779698 ], [ -123.132632697894564, 49.773352998346915 ], [ -123.132493792379663, 49.773353157257617 ], [ -123.132493301904802, 49.773173243511678 ], [ -123.132770900803152, 49.773172925767696 ], [ -123.132770655443224, 49.773083111456025 ], [ -123.132909560184743, 49.773082952214082 ], [ -123.132908822562555, 49.772813224147342 ], [ -123.133325534467062, 49.772812745426954 ], [ -123.133325780850058, 49.772902559740835 ], [ -123.133186876626439, 49.77290271948133 ], [ -123.1331873696641, 49.773082633230679 ], [ -123.133048464925054, 49.773082792805624 ], [ -123.133048710798363, 49.77317260711628 ], [ -123.132909805801361, 49.773172766525256 ], [ -123.132910297818057, 49.773352680268204 ], [ -123.132771392305628, 49.773352839511638 ], [ -123.132771638448204, 49.773442938943873 ], [ -123.13263294378001, 49.773443097779698 ] ] ] } },
{ "type": "Feature", "properties": { "FIRE_NUMBER": "V30558", "FIRE_YEAR": 2025, "PRE_FIRE_IMAGE": "S2B_10UDA_20250608_0_L2A", "PRE_FIRE_IMAGE_DATE": "2025-06-08", "POST_FIRE_IMAGE": "S2A_10UDA_20250615_0_L2A", "POST_FIRE_IMAGE_DATE": "2025-06-15", "COMMENTS": "", "FIRE_STATUS": "", "BURN_SEVERITY_RATING": "Low", "AREA_HA": 0.4091740583290755, "FEATURE_AREA_SQM": 4091.7405832907548, "FEATURE_LENGTH_M": 638.16624426809278 }, "geometry": { "type": "Polygon", "coordinates": [ [ [ -123.132778519257883, 49.775961445604857 ], [ -123.132778764657317, 49.77605125987165 ], [ -123.13319550432962, 49.776050781596361 ], [ -123.13319427193089, 49.775601140006586 ], [ -123.133333183867222, 49.775600980250971 ], [ -123.133332936664772, 49.775510880854462 ], [ -123.133749671693678, 49.775510400589923 ], [ -123.133749424504558, 49.775420586318312 ], [ -123.133610513086211, 49.775420746572479 ], [ -123.133609770728725, 49.775150733498158 ], [ -123.133748681375252, 49.775150573245504 ], [ -123.133748434191119, 49.775060758968195 ], [ -123.134164954243019, 49.775060277456987 ], [ -123.134165202196954, 49.775150091732762 ], [ -123.133887380910124, 49.775150413070229 ], [ -123.133887629137348, 49.775240512470276 ], [ -123.13416545093925, 49.775240191131807 ], [ -123.134165698895671, 49.775330005404761 ], [ -123.134304610051473, 49.775329844485213 ], [ -123.134304859053842, 49.775419943880962 ], [ -123.134165947640497, 49.775420104801007 ], [ -123.134166195599391, 49.775509919071126 ], [ -123.134027283928091, 49.775510079825175 ], [ -123.134027532417846, 49.775600179219083 ], [ -123.133472095802318, 49.775600820328776 ], [ -123.13347258994294, 49.775780733991816 ], [ -123.133333677493567, 49.775780893914963 ], [ -123.133334417551239, 49.776050621838195 ], [ -123.133473330771622, 49.776050461913492 ], [ -123.133473577455959, 49.776140276176356 ], [ -123.133195750500491, 49.77614059586022 ], [ -123.133195997454095, 49.776230695247321 ], [ -123.132918169978552, 49.776231014266074 ], [ -123.132918415638414, 49.776320828528164 ], [ -123.132779501642048, 49.776320987788218 ], [ -123.132779010057973, 49.776141074137009 ], [ -123.132640307689385, 49.776141232987882 ], [ -123.132640062545079, 49.77605141872202 ], [ -123.132501149317264, 49.776051577647777 ], [ -123.132501131558627, 49.776045064520353 ], [ -123.132533315197563, 49.775961726316957 ], [ -123.132778519257883, 49.775961445604857 ] ] ] } },
{ "type": "Feature", "properties": { "FIRE_NUMBER": "V30558", "FIRE_YEAR": 2025, "PRE_FIRE_IMAGE": "S2B_10UDA_20250608_0_L2A", "PRE_FIRE_IMAGE_DATE": "2025-06-08", "POST_FIRE_IMAGE": "S2A_10UDA_20250615_0_L2A", "POST_FIRE_IMAGE_DATE": "2025-06-15", "COMMENTS": "", "FIRE_STATUS": "", "BURN_SEVERITY_RATING": "High", "AREA_HA": 0.13006803245461709, "FEATURE_AREA_SQM": 1300.6803245461708, "FEATURE_LENGTH_M": 200.11261666309812 }, "geometry": { "type": "Polygon", "coordinates": [ [ [ -123.132503602135642, 49.776951145871777 ], [ -123.132503111562102, 49.776771232238247 ], [ -123.132364196275859, 49.776771391001482 ], [ -123.132363706221568, 49.776591477361244 ], [ -123.132780239416959, 49.776591000816843 ], [ -123.132779993231068, 49.776500901433813 ], [ -123.132918907741711, 49.776500742172772 ], [ -123.132919154185188, 49.776590841555247 ], [ -123.133058068952167, 49.776590682127107 ], [ -123.133058314873722, 49.776680496383086 ], [ -123.132780484825034, 49.77668081507376 ], [ -123.132781222614781, 49.776950828085525 ], [ -123.132503602135642, 49.776951145871777 ] ] ] } },
{ "type": "Feature", "properties": { "FIRE_NUMBER": "V30558", "FIRE_YEAR": 2025, "PRE_FIRE_IMAGE": "S2B_10UDA_20250608_0_L2A", "PRE_FIRE_IMAGE_DATE": "2025-06-08", "POST_FIRE_IMAGE": "S2A_10UDA_20250615_0_L2A", "POST_FIRE_IMAGE_DATE": "2025-06-15", "COMMENTS": "", "FIRE_STATUS": "", "BURN_SEVERITY_RATING": "Medium", "AREA_HA": 0.11017009013026441, "FEATURE_AREA_SQM": 1101.7009013026441, "FEATURE_LENGTH_M": 200.14303002119618 }, "geometry": { "type": "Polygon", "coordinates": [ [ [ -123.131951846459216, 49.778390803703296 ], [ -123.131951601793645, 49.778300704345398 ], [ -123.132229441113424, 49.778300387634523 ], [ -123.132229930700206, 49.778480301222345 ], [ -123.132368850872595, 49.778480142616104 ], [ -123.132368360771466, 49.778300229029313 ], [ -123.132507280428271, 49.778300070257494 ], [ -123.132508016742122, 49.778570083196342 ], [ -123.131952335019747, 49.778570717290307 ], [ -123.131952090351731, 49.77848061793523 ], [ -123.131813170175647, 49.778480776041825 ], [ -123.131812926539894, 49.778390961809414 ], [ -123.131951846459216, 49.778390803703296 ] ] ] } },
{ "type": "Feature", "properties": { "FIRE_NUMBER": "V30558", "FIRE_YEAR": 2025, "PRE_FIRE_IMAGE": "S2B_10UDA_20250608_0_L2A", "PRE_FIRE_IMAGE_DATE": "2025-06-08", "POST_FIRE_IMAGE": "S2A_10UDA_20250615_0_L2A", "POST_FIRE_IMAGE_DATE": "2025-06-15", "COMMENTS": "", "FIRE_STATUS": "", "BURN_SEVERITY_RATING": "Low", "AREA_HA": 0.24022025629989607, "FEATURE_AREA_SQM": 2402.2025629989607, "FEATURE_LENGTH_M": 380.17547326357544 }, "geometry": { "type": "Polygon", "coordinates": [ [ [ -123.134164706290363, 49.774970463179791 ], [ -123.134442526545314, 49.774970141178336 ], [ -123.134442277291654, 49.774880041776058 ], [ -123.134720097026516, 49.774879719109492 ], [ -123.13472034679522, 49.774969818510719 ], [ -123.134859256918318, 49.774969656927148 ], [ -123.134859506154598, 49.775059471201743 ], [ -123.134720595774766, 49.775059632785805 ], [ -123.134721343511373, 49.77532936072749 ], [ -123.13513786584879, 49.775328875717243 ], [ -123.135138116396021, 49.775418975109908 ], [ -123.134860504694672, 49.77541929853556 ], [ -123.134861503254882, 49.775779125846867 ], [ -123.134722590818001, 49.775779287435036 ], [ -123.134722092049671, 49.775599373781183 ], [ -123.134444268200696, 49.775599696455906 ], [ -123.134443770465921, 49.775419782794394 ], [ -123.134582681876779, 49.775419621541282 ], [ -123.134581934117818, 49.775149608477669 ], [ -123.134304112838493, 49.775149930814266 ], [ -123.134303864627853, 49.775060116538981 ], [ -123.134164954243019, 49.775060277456987 ], [ -123.134164706290363, 49.774970463179791 ] ] ] } },
{ "type": "Feature", "properties": { "FIRE_NUMBER": "V30558", "FIRE_YEAR": 2025, "PRE_FIRE_IMAGE": "S2B_10UDA_20250608_0_L2A", "PRE_FIRE_IMAGE_DATE": "2025-06-08", "POST_FIRE_IMAGE": "S2A_10UDA_20250615_0_L2A", "POST_FIRE_IMAGE_DATE": "2025-06-15", "COMMENTS": "", "FIRE_STATUS": "", "BURN_SEVERITY_RATING": "Low", "AREA_HA": 0.10011134678497247, "FEATURE_AREA_SQM": 1001.1134678497247, "FEATURE_LENGTH_M": 160.04610271603349 }, "geometry": { "type": "Polygon", "coordinates": [ [ [ -123.134028772526406, 49.776049820793652 ], [ -123.134028028614807, 49.775780092878065 ], [ -123.134166941057956, 49.775779932122511 ], [ -123.134166692308114, 49.775689832731921 ], [ -123.134305604492454, 49.775689671810376 ], [ -123.134305356274339, 49.775599857543526 ], [ -123.134444268200696, 49.775599696455906 ], [ -123.134445263685251, 49.775959523762104 ], [ -123.134167437774153, 49.775959845774871 ], [ -123.13416768574055, 49.77604966003657 ], [ -123.134028772526406, 49.776049820793652 ] ] ] } },
{ "type": "Feature", "properties": { "FIRE_NUMBER": "V30558", "FIRE_YEAR": 2025, "PRE_FIRE_IMAGE": "S2B_10UDA_20250608_0_L2A", "PRE_FIRE_IMAGE_DATE": "2025-06-08", "POST_FIRE_IMAGE": "S2A_10UDA_20250615_0_L2A", "POST_FIRE_IMAGE_DATE": "2025-06-15", "COMMENTS": "", "FIRE_STATUS": "", "BURN_SEVERITY_RATING": "Medium", "AREA_HA": 3.6415888738893294, "FEATURE_AREA_SQM": 36415.888738893293, "FEATURE_LENGTH_M": 2430.3104913315101 }, "geometry": { "type": "Polygon", "coordinates": [ [ [ -123.135556857233482, 49.776137857808955 ], [ -123.135556606698884, 49.776048043553743 ], [ -123.135417693497274, 49.776048205975862 ], [ -123.135417443220675, 49.775958391718738 ], [ -123.135278530274547, 49.775958553973773 ], [ -123.135278780294414, 49.776048368231407 ], [ -123.135001164999196, 49.776048691997069 ], [ -123.135000665194795, 49.77586877835364 ], [ -123.134722839808816, 49.775869101697552 ], [ -123.134723587579231, 49.776138829601287 ], [ -123.134584674113356, 49.776138991024965 ], [ -123.134584923642095, 49.776229090407043 ], [ -123.134446009917397, 49.776229251664724 ], [ -123.134446507674696, 49.776409165300954 ], [ -123.134585421913698, 49.776409004042279 ], [ -123.134585920190275, 49.776588917671873 ], [ -123.134724834942318, 49.776588756245602 ], [ -123.134725083944417, 49.77667857049552 ], [ -123.134586168935641, 49.776678731922289 ], [ -123.13458666721975, 49.776858645543456 ], [ -123.134725582742831, 49.776858484115643 ], [ -123.134725832539203, 49.776948583485897 ], [ -123.134448000976633, 49.77694890617601 ], [ -123.134448249470253, 49.777038720421281 ], [ -123.134309333430338, 49.777038881517022 ], [ -123.134309581668461, 49.777128695761405 ], [ -123.133337378675932, 49.777129818529254 ], [ -123.133337132234701, 49.777040004281297 ], [ -123.133059300133709, 49.777040323642169 ], [ -123.133060285413549, 49.777400150878783 ], [ -123.132921368332561, 49.777400310311421 ], [ -123.132921614008495, 49.777490124555271 ], [ -123.132782696669494, 49.777490283821884 ], [ -123.132782942869028, 49.777580383189417 ], [ -123.13264423639221, 49.777580542048362 ], [ -123.132643990449864, 49.777490442680332 ], [ -123.132505073108419, 49.777490601614147 ], [ -123.132505318793179, 49.777580700982703 ], [ -123.132366401192925, 49.777580859750444 ], [ -123.13236689127433, 49.777760773359709 ], [ -123.132505809388931, 49.777760614590932 ], [ -123.13250605429991, 49.777850428830689 ], [ -123.132089299182155, 49.777850904638903 ], [ -123.132089544099131, 49.777941004003331 ], [ -123.131950625466516, 49.777941162273464 ], [ -123.131950380807098, 49.777851062908553 ], [ -123.131811462430832, 49.777851221011694 ], [ -123.131810974404274, 49.777671307401171 ], [ -123.13167205654112, 49.777671465336795 ], [ -123.131672035937896, 49.777663861785847 ], [ -123.131674291254896, 49.777653261726968 ], [ -123.131696178369211, 49.777501763626979 ], [ -123.131695139408308, 49.77749152493513 ], [ -123.131810486382662, 49.777491393785127 ], [ -123.131810242760395, 49.777401579537262 ], [ -123.131949159851246, 49.777401421436657 ], [ -123.131948915199231, 49.777311322063262 ], [ -123.132087832031274, 49.777311163796604 ], [ -123.132087342990843, 49.777131250171244 ], [ -123.132226259307345, 49.777131091739037 ], [ -123.132225082671738, 49.776698664854962 ], [ -123.132292784968996, 49.776630571342366 ], [ -123.132360638148285, 49.776501381206032 ], [ -123.132502375322318, 49.776501219215021 ], [ -123.132502130429813, 49.776411404954288 ], [ -123.132779747825467, 49.776411087174054 ], [ -123.132779501642048, 49.776320987788218 ], [ -123.132918415638414, 49.776320828528164 ], [ -123.132918169978552, 49.776231014266074 ], [ -123.133195997454095, 49.776230695247321 ], [ -123.133195750500491, 49.77614059586022 ], [ -123.133473577455959, 49.776140276176356 ], [ -123.133473330771622, 49.776050461913492 ], [ -123.133334417551239, 49.776050621838195 ], [ -123.133333677493567, 49.775780893914963 ], [ -123.13347258994294, 49.775780733991816 ], [ -123.133472095802318, 49.775600820328776 ], [ -123.134027532417846, 49.775600179219083 ], [ -123.134027283928091, 49.775510079825175 ], [ -123.134166195599391, 49.775509919071126 ], [ -123.134165947640497, 49.775420104801007 ], [ -123.134304859053842, 49.775419943880962 ], [ -123.134304610051473, 49.775329844485213 ], [ -123.134165698895671, 49.775330005404761 ], [ -123.13416545093925, 49.775240191131807 ], [ -123.133887629137348, 49.775240512470276 ], [ -123.133887380910124, 49.775150413070229 ], [ -123.134165202196954, 49.775150091732762 ], [ -123.134164954243019, 49.775060277456987 ], [ -123.134303864627853, 49.775060116538981 ], [ -123.134304112838493, 49.775149930814266 ], [ -123.134581934117818, 49.775149608477669 ], [ -123.134582681876779, 49.775419621541282 ], [ -123.134443770465921, 49.775419782794394 ], [ -123.134444268200696, 49.775599696455906 ], [ -123.134722092049671, 49.775599373781183 ], [ -123.134722590818001, 49.775779287435036 ], [ -123.134861503254882, 49.775779125846867 ], [ -123.134860504694672, 49.77541929853556 ], [ -123.135138116396021, 49.775418975109908 ], [ -123.13513786584879, 49.775328875717243 ], [ -123.135415688141592, 49.775328551380817 ], [ -123.135416189472934, 49.775508465038023 ], [ -123.135832924445481, 49.775507977281364 ], [ -123.135832673406227, 49.775418163017378 ], [ -123.135693762006696, 49.775418325768918 ], [ -123.135693259649329, 49.775238412110966 ], [ -123.135415437875039, 49.77523873711246 ], [ -123.135415186815266, 49.77514863771804 ], [ -123.135554097445507, 49.775148475301059 ], [ -123.135553846924765, 49.775058661030364 ], [ -123.135692757297022, 49.775058498447379 ], [ -123.135692004176079, 49.774788770503875 ], [ -123.135553094574789, 49.774788933085276 ], [ -123.135552843263795, 49.774698833684404 ], [ -123.135413933918798, 49.774698996098792 ], [ -123.135413683661042, 49.774609181820573 ], [ -123.135552592749363, 49.774609019406697 ], [ -123.135552341440885, 49.774518920002897 ], [ -123.135830159098617, 49.774518594676586 ], [ -123.135830410922139, 49.774608694079333 ], [ -123.135969320006666, 49.774608531165946 ], [ -123.1359690679256, 49.774518431763703 ], [ -123.136246885575744, 49.774518105438247 ], [ -123.136247642568549, 49.774788118512959 ], [ -123.136386341054674, 49.774787955347364 ], [ -123.136386845969895, 49.774967869014183 ], [ -123.135970326748094, 49.774968358511366 ], [ -123.135970829328627, 49.775147987051064 ], [ -123.13610973995381, 49.775147823967956 ], [ -123.136110496201454, 49.775417837014615 ], [ -123.136302585741689, 49.775417611227809 ], [ -123.136194484543594, 49.775506492417463 ], [ -123.136039302326665, 49.775718928892132 ], [ -123.135907599606156, 49.775946114577991 ], [ -123.135802205497555, 49.776074980121898 ], [ -123.135769262140343, 49.776137609139155 ], [ -123.135556857233482, 49.776137857808955 ] ], [ [ -123.134305356274339, 49.775599857543526 ], [ -123.134305604492454, 49.775689671810376 ], [ -123.134166692308114, 49.775689832731921 ], [ -123.134166941057956, 49.775779932122511 ], [ -123.134028028614807, 49.775780092878065 ], [ -123.134028772526406, 49.776049820793652 ], [ -123.13416768574055, 49.77604966003657 ], [ -123.134167437774153, 49.775959845774871 ], [ -123.134445263685251, 49.775959523762104 ], [ -123.134444268200696, 49.775599696455906 ], [ -123.134305356274339, 49.775599857543526 ] ], [ [ -123.132780484825034, 49.77668081507376 ], [ -123.133058314873722, 49.776680496383086 ], [ -123.133058068952167, 49.776590682127107 ], [ -123.132919154185188, 49.776590841555247 ], [ -123.132918907741711, 49.776500742172772 ], [ -123.132779993231068, 49.776500901433813 ], [ -123.132780239416959, 49.776591000816843 ], [ -123.132363706221568, 49.776591477361244 ], [ -123.132364196275859, 49.776771391001482 ], [ -123.132503111562102, 49.776771232238247 ], [ -123.132503602135642, 49.776951145871777 ], [ -123.132781222614781, 49.776950828085525 ], [ -123.132780484825034, 49.77668081507376 ] ] ] } },
{ "type": "Feature", "properties": { "FIRE_NUMBER": "V30558", "FIRE_YEAR": 2025, "PRE_FIRE_IMAGE": "S2B_10UDA_20250608_0_L2A", "PRE_FIRE_IMAGE_DATE": "2025-06-08", "POST_FIRE_IMAGE": "S2A_10UDA_20250615_0_L2A", "POST_FIRE_IMAGE_DATE": "2025-06-15", "COMMENTS": "", "FIRE_STATUS": "", "BURN_SEVERITY_RATING": "Medium", "AREA_HA": 0.006896032203545681, "FEATURE_AREA_SQM": 68.960322035456812, "FEATURE_LENGTH_M": 47.199079925177344 }, "geometry": { "type": "Polygon", "coordinates": [ [ [ -123.13569652466451, 49.776407708224774 ], [ -123.135696022279333, 49.776227794597759 ], [ -123.135721839609218, 49.776227764362602 ], [ -123.135721546959246, 49.776228320719838 ], [ -123.135723428944729, 49.77623577306322 ], [ -123.135766828083945, 49.776407625876665 ], [ -123.13569652466451, 49.776407708224774 ] ] ] } },
{ "type": "Feature", "properties": { "FIRE_NUMBER": "V30558", "FIRE_YEAR": 2025, "PRE_FIRE_IMAGE": "S2B_10UDA_20250608_0_L2A", "PRE_FIRE_IMAGE_DATE": "2025-06-08", "POST_FIRE_IMAGE": "S2A_10UDA_20250615_0_L2A", "POST_FIRE_IMAGE_DATE": "2025-06-15", "COMMENTS": "", "FIRE_STATUS": "", "BURN_SEVERITY_RATING": "Low", "AREA_HA": 2.8291576489068482, "FEATURE_AREA_SQM": 28291.57648906848, "FEATURE_LENGTH_M": 2417.4374532749871 }, "geometry": { "type": "Polygon", "coordinates": [ [ [ -123.13569803185031, 49.776947449072132 ], [ -123.135697277853623, 49.776677436092463 ], [ -123.135419447852428, 49.776677761110385 ], [ -123.135419197567003, 49.776587946863096 ], [ -123.13528028282127, 49.776588109121789 ], [ -123.135281284531018, 49.776947936353892 ], [ -123.135142368755396, 49.776948098448067 ], [ -123.13514261853237, 49.777037912690815 ], [ -123.134864997582426, 49.777038236134885 ], [ -123.134865496905206, 49.777218149742751 ], [ -123.135282035429668, 49.777217664200933 ], [ -123.135282536299684, 49.777397577800144 ], [ -123.135143619238661, 49.777397739896898 ], [ -123.135143869021888, 49.777487554132591 ], [ -123.134866245503133, 49.77748787758177 ], [ -123.134866495565845, 49.777577976941672 ], [ -123.134727577986752, 49.777578138540086 ], [ -123.134727328181611, 49.777488039179715 ], [ -123.134588410858811, 49.777488200611025 ], [ -123.134588909165473, 49.777668114206897 ], [ -123.134449991327102, 49.777668275472784 ], [ -123.134450489124461, 49.777848189064066 ], [ -123.134311570770507, 49.777848350164412 ], [ -123.134311819807934, 49.777938449520732 ], [ -123.134172901195143, 49.777938610455031 ], [ -123.134172652415288, 49.777848511098185 ], [ -123.133894815701112, 49.777848832466127 ], [ -123.133894319961101, 49.777668918870766 ], [ -123.13417215564661, 49.777668597504864 ], [ -123.134171907657773, 49.77757878326836 ], [ -123.13375536601886, 49.777579264822222 ], [ -123.133755118016353, 49.777489165458213 ], [ -123.133893824226064, 49.777489005269736 ], [ -123.133893576753238, 49.777399191029467 ], [ -123.134032493825529, 49.777399030431283 ], [ -123.134032741555117, 49.77748884467109 ], [ -123.13417165888292, 49.777488683905879 ], [ -123.134171162124218, 49.777308770301318 ], [ -123.133615705982649, 49.777309412115429 ], [ -123.133616200684799, 49.777489325724041 ], [ -123.133199448682731, 49.777489805522386 ], [ -123.133199941846897, 49.77766971912844 ], [ -123.133061023996049, 49.777669878729171 ], [ -123.133061270713213, 49.777759978092867 ], [ -123.133339106928773, 49.777759658723916 ], [ -123.133339600614718, 49.777939572320527 ], [ -123.133478519234984, 49.777939412385194 ], [ -123.133478765945384, 49.778029226618607 ], [ -123.133339847068342, 49.778029386554422 ], [ -123.133340093523216, 49.778119200786946 ], [ -123.133201174388191, 49.778119360556694 ], [ -123.133201421369108, 49.778209459912887 ], [ -123.13306250197526, 49.778209619516645 ], [ -123.133061763370463, 49.77793989169151 ], [ -123.132506299989629, 49.777940528193611 ], [ -123.132507035511139, 49.778210256024771 ], [ -123.132645954909947, 49.778210097086912 ], [ -123.132646200083869, 49.778299911319174 ], [ -123.132784908614113, 49.778299752456221 ], [ -123.132785154824759, 49.77838985181107 ], [ -123.132924074735456, 49.778389692539406 ], [ -123.132924320424962, 49.778479506767823 ], [ -123.133063240591198, 49.778479347329117 ], [ -123.133063487319504, 49.77856944668018 ], [ -123.133202407742061, 49.778569287074383 ], [ -123.133202653947606, 49.778659101299013 ], [ -123.133063733268287, 49.778659260905286 ], [ -123.133064472683586, 49.778929273821241 ], [ -123.133203394134895, 49.778929114213447 ], [ -123.133203640345371, 49.77901892843245 ], [ -123.133342562052206, 49.779018768657629 ], [ -123.133342808520723, 49.779108582874727 ], [ -123.132787120658818, 49.779109220976792 ], [ -123.132786875217434, 49.779019406757683 ], [ -123.132648164632883, 49.779019565624651 ], [ -123.132647919449113, 49.778929751403602 ], [ -123.132508997992858, 49.778929910345468 ], [ -123.132509242919852, 49.779019724567 ], [ -123.132370321205599, 49.779019883342819 ], [ -123.132370076535381, 49.778930069120769 ], [ -123.131814390693151, 49.778930702556551 ], [ -123.131814146277804, 49.778840603206639 ], [ -123.131675225071774, 49.778840761148679 ], [ -123.131674006619349, 49.778391119748996 ], [ -123.131812926539894, 49.778390961809414 ], [ -123.131813170175647, 49.778480776041825 ], [ -123.131952090351731, 49.77848061793523 ], [ -123.131952335019747, 49.778570717290307 ], [ -123.132508016742122, 49.778570083196342 ], [ -123.132507280428271, 49.778300070257494 ], [ -123.132368360771466, 49.778300229029313 ], [ -123.132368850872595, 49.778480142616104 ], [ -123.132229930700206, 49.778480301222345 ], [ -123.132229441113424, 49.778300387634523 ], [ -123.131951601793645, 49.778300704345398 ], [ -123.131950869352892, 49.778030976512447 ], [ -123.131673031570415, 49.778031292554147 ], [ -123.131672300682922, 49.777761564705528 ], [ -123.131651243076021, 49.77776158863206 ], [ -123.131670417774757, 49.777671467198928 ], [ -123.13167205654112, 49.777671465336795 ], [ -123.131810974404274, 49.777671307401171 ], [ -123.131811462430832, 49.777851221011694 ], [ -123.131950380807098, 49.777851062908553 ], [ -123.131950625466516, 49.777941162273464 ], [ -123.132089544099131, 49.777941004003331 ], [ -123.132089299182155, 49.777850904638903 ], [ -123.13250605429991, 49.777850428830689 ], [ -123.132505809388931, 49.777760614590932 ], [ -123.13236689127433, 49.777760773359709 ], [ -123.132366401192925, 49.777580859750444 ], [ -123.132505318793179, 49.777580700982703 ], [ -123.132505073108419, 49.777490601614147 ], [ -123.132643990449864, 49.777490442680332 ], [ -123.13264423639221, 49.777580542048362 ], [ -123.132782942869028, 49.777580383189417 ], [ -123.132782696669494, 49.777490283821884 ], [ -123.132921614008495, 49.777490124555271 ], [ -123.132921368332561, 49.777400310311421 ], [ -123.133060285413549, 49.777400150878783 ], [ -123.133059300133709, 49.777040323642169 ], [ -123.133337132234701, 49.777040004281297 ], [ -123.133337378675932, 49.777129818529254 ], [ -123.134309581668461, 49.777128695761405 ], [ -123.134309333430338, 49.777038881517022 ], [ -123.134448249470253, 49.777038720421281 ], [ -123.134448000976633, 49.77694890617601 ], [ -123.134725832539203, 49.776948583485897 ], [ -123.134725582742831, 49.776858484115643 ], [ -123.13458666721975, 49.776858645543456 ], [ -123.134586168935641, 49.776678731922289 ], [ -123.134725083944417, 49.77667857049552 ], [ -123.134724834942318, 49.776588756245602 ], [ -123.134585920190275, 49.776588917671873 ], [ -123.134585421913698, 49.776409004042279 ], [ -123.134446507674696, 49.776409165300954 ], [ -123.134446009917397, 49.776229251664724 ], [ -123.134584923642095, 49.776229090407043 ], [ -123.134584674113356, 49.776138991024965 ], [ -123.134723587579231, 49.776138829601287 ], [ -123.134722839808816, 49.775869101697552 ], [ -123.135000665194795, 49.77586877835364 ], [ -123.135001164999196, 49.776048691997069 ], [ -123.135278780294414, 49.776048368231407 ], [ -123.135278530274547, 49.775958553973773 ], [ -123.135417443220675, 49.775958391718738 ], [ -123.135417693497274, 49.776048205975862 ], [ -123.135556606698884, 49.776048043553743 ], [ -123.135556857233482, 49.776137857808955 ], [ -123.135769262140343, 49.776137609139155 ], [ -123.135721839609218, 49.776227764362602 ], [ -123.135696022279333, 49.776227794597759 ], [ -123.13569652466451, 49.776407708224774 ], [ -123.135766828083945, 49.776407625876665 ], [ -123.1357781014285, 49.776452266080398 ], [ -123.13579780603861, 49.776684009550188 ], [ -123.135739259672391, 49.776884868032717 ], [ -123.135715107944975, 49.776947429074475 ], [ -123.13569803185031, 49.776947449072132 ] ] ] } },
{ "type": "Feature", "properties": { "FIRE_NUMBER": "V30558", "FIRE_YEAR": 2025, "PRE_FIRE_IMAGE": "S2B_10UDA_20250608_0_L2A", "PRE_FIRE_IMAGE_DATE": "2025-06-08", "POST_FIRE_IMAGE": "S2A_10UDA_20250615_0_L2A", "POST_FIRE_IMAGE_DATE": "2025-06-15", "COMMENTS": "", "FIRE_STATUS": "", "BURN_SEVERITY_RATING": "Low", "AREA_HA": 0.0098344899303847329, "FEATURE_AREA_SQM": 98.344899303847328, "FEATURE_LENGTH_M": 55.170771959236575 }, "geometry": { "type": "Polygon", "coordinates": [ [ [ -123.135421703656178, 49.777487229771538 ], [ -123.135531210330754, 49.777487101748584 ], [ -123.135517581813531, 49.777530803493804 ], [ -123.135422278982645, 49.777693672962421 ], [ -123.135421703656178, 49.777487229771538 ] ] ] } },
{ "type": "Feature", "properties": { "FIRE_NUMBER": "V30558", "FIRE_YEAR": 2025, "PRE_FIRE_IMAGE": "S2B_10UDA_20250608_0_L2A", "PRE_FIRE_IMAGE_DATE": "2025-06-08", "POST_FIRE_IMAGE": "S2A_10UDA_20250615_0_L2A", "POST_FIRE_IMAGE_DATE": "2025-06-15", "COMMENTS": "", "FIRE_STATUS": "", "BURN_SEVERITY_RATING": "Low", "AREA_HA": 0.004683339939436911, "FEATURE_AREA_SQM": 46.83339939436911, "FEATURE_LENGTH_M": 34.679257879289615 }, "geometry": { "type": "Polygon", "coordinates": [ [ [ -123.135283538054765, 49.777757404981728 ], [ -123.135385055458187, 49.777757286420155 ], [ -123.135383439329573, 49.777760048312437 ], [ -123.135283856106113, 49.777871646376028 ], [ -123.135283538054765, 49.777757404981728 ] ] ] } },
{ "type": "Feature", "properties": { "FIRE_NUMBER": "V30558", "FIRE_YEAR": 2025, "PRE_FIRE_IMAGE": "S2B_10UDA_20250608_0_L2A", "PRE_FIRE_IMAGE_DATE": "2025-06-08", "POST_FIRE_IMAGE": "S2A_10UDA_20250615_0_L2A", "POST_FIRE_IMAGE_DATE": "2025-06-15", "COMMENTS": "", "FIRE_STATUS": "", "BURN_SEVERITY_RATING": "Low", "AREA_HA": 0.0022412102316438131, "FEATURE_AREA_SQM": 22.41210231643813, "FEATURE_LENGTH_M": 24.065539853950021 }, "geometry": { "type": "Polygon", "coordinates": [ [ [ -123.135006662387511, 49.778027456579011 ], [ -123.135097388209218, 49.778027350845626 ], [ -123.135026578441327, 49.778074360207135 ], [ -123.135006850252111, 49.778095073861735 ], [ -123.135006662387511, 49.778027456579011 ] ] ] } },
{ "type": "Feature", "properties": { "FIRE_NUMBER": "V30558", "FIRE_YEAR": 2025, "PRE_FIRE_IMAGE": "S2B_10UDA_20250608_0_L2A", "PRE_FIRE_IMAGE_DATE": "2025-06-08", "POST_FIRE_IMAGE": "S2A_10UDA_20250615_0_L2A", "POST_FIRE_IMAGE_DATE": "2025-06-15", "COMMENTS": "", "FIRE_STATUS": "", "BURN_SEVERITY_RATING": "Low", "AREA_HA": 0.006103930220629941, "FEATURE_AREA_SQM": 61.039302206299411, "FEATURE_LENGTH_M": 33.69387228490735 }, "geometry": { "type": "Polygon", "coordinates": [ [ [ -123.134868242874617, 49.778207531923485 ], [ -123.134867992803109, 49.778117432573438 ], [ -123.134985685765727, 49.778117295534187 ], [ -123.134954072066932, 49.778150488317969 ], [ -123.134950000307072, 49.778166271082263 ], [ -123.134948380265612, 49.77817254337257 ], [ -123.134926157738988, 49.778207464504355 ], [ -123.134868242874617, 49.778207531923485 ] ] ] } },
{ "type": "Feature", "properties": { "FIRE_NUMBER": "V30558", "FIRE_YEAR": 2025, "PRE_FIRE_IMAGE": "S2B_10UDA_20250608_0_L2A", "PRE_FIRE_IMAGE_DATE": "2025-06-08", "POST_FIRE_IMAGE": "S2A_10UDA_20250615_0_L2A", "POST_FIRE_IMAGE_DATE": "2025-06-15", "COMMENTS": "", "FIRE_STATUS": "", "BURN_SEVERITY_RATING": "Low", "AREA_HA": 0.038132536883571357, "FEATURE_AREA_SQM": 381.32536883571356, "FEATURE_LENGTH_M": 116.04949446083572 }, "geometry": { "type": "Polygon", "coordinates": [ [ [ -123.135009911202189, 49.779196752160082 ], [ -123.135010160754149, 49.779286566368327 ], [ -123.134871238291154, 49.779286728142957 ], [ -123.134870988995971, 49.779196913934264 ], [ -123.134732066788473, 49.779197075541894 ], [ -123.134731816960738, 49.779106976206769 ], [ -123.134870738910607, 49.7791068145997 ], [ -123.134870269108404, 49.778937555587589 ], [ -123.134880455369057, 49.778947692936356 ], [ -123.134940053815058, 49.779047350867032 ], [ -123.134977227428138, 49.779107008820311 ], [ -123.134989999242606, 49.779130000074538 ], [ -123.13499309515484, 49.77913247724242 ], [ -123.135073346754837, 49.779196678235564 ], [ -123.135009911202189, 49.779196752160082 ] ] ] } },
{ "type": "Feature", "properties": { "FIRE_NUMBER": "V30558", "FIRE_YEAR": 2025, "PRE_FIRE_IMAGE": "S2B_10UDA_20250608_0_L2A", "PRE_FIRE_IMAGE_DATE": "2025-06-08", "POST_FIRE_IMAGE": "S2A_10UDA_20250615_0_L2A", "POST_FIRE_IMAGE_DATE": "2025-06-15", "COMMENTS": "", "FIRE_STATUS": "", "BURN_SEVERITY_RATING": "Low", "AREA_HA": 0.20542132904302476, "FEATURE_AREA_SQM": 2054.2132904302475, "FEATURE_LENGTH_M": 403.85623789389064 }, "geometry": { "type": "Polygon", "coordinates": [ [ [ -123.133762793331698, 49.780277397971055 ], [ -123.133623868028693, 49.780277558252635 ], [ -123.133624115812268, 49.780367657573514 ], [ -123.133207339122919, 49.780368137420425 ], [ -123.133207092112158, 49.780278038098025 ], [ -123.133068166804165, 49.780278197713372 ], [ -123.133067920833142, 49.780188383513511 ], [ -123.133206845884317, 49.780188223898655 ], [ -123.133206598876058, 49.780098124573463 ], [ -123.133345523668424, 49.78009796479256 ], [ -123.133345770934284, 49.780188064117262 ], [ -123.133762546076696, 49.780187583773731 ], [ -123.133762298037993, 49.780097484450593 ], [ -123.133901011693453, 49.780097324247436 ], [ -123.13390051667686, 49.779917695846706 ], [ -123.134039440949394, 49.77991753523434 ], [ -123.13403968871387, 49.780007349434847 ], [ -123.134317537768766, 49.780007027709438 ], [ -123.134317289490724, 49.77991721350989 ], [ -123.134456213759492, 49.779917052397849 ], [ -123.13445596443691, 49.779826953073012 ], [ -123.134733812455508, 49.779826630350271 ], [ -123.134734036172034, 49.77990730941719 ], [ -123.134730000220557, 49.779910000047458 ], [ -123.134539998997241, 49.780020000318437 ], [ -123.134360000677376, 49.780090000629968 ], [ -123.134170000900028, 49.780110000306152 ], [ -123.134009998828446, 49.780100000552352 ], [ -123.133949999339819, 49.780090000528418 ], [ -123.133860000497307, 49.780110000400477 ], [ -123.133839999065955, 49.780170000509941 ], [ -123.13386884804008, 49.780218079796718 ], [ -123.133870003795067, 49.780220125350425 ], [ -123.133870000648642, 49.780349999465706 ], [ -123.133763017056651, 49.780358664583865 ], [ -123.133762793331698, 49.780277397971055 ] ] ] } }
]
}
